bfs_nummer,gemeinde_name,bevoelkerung_einwohner,bevoelkerung_veraenderung,bevoelkerung_bevoelkerungsdichte,bevoelkerung_auslaender,altersverteilung_0_19,altersverteilung_20_64,altersverteilung_65,bevoelkerungsbewegung_heiratsziffer,bevoelkerungsbewegung_scheidungsziffer,bevoelkerungsbewegung_geburtziffer,bevoelkerungsbewegung_sterbeziffer,haushalt_anzahl_privathaushalte,haushalt_haushaltsgroesse_pro_person,flaeche_gesamt,flaeche_siedlung,flaeche_veraenderung,flaeche_landwirtschaft,flaeche_veraenderung,flaeche_wald,flaeche_unproduktiv,wirtschaft_beschaeftigte,wirtschaft_beschaeftigte_1_sektor,wirtschaft_beschaeftigte_2_sektor,wirtschaft_beschaeftigte_3_sektor,wirtschaft_arbeitsstaetten,wirtschaft_arbeitsstaetten_1_sektor,wirtschaft_arbeitsstaetten_2_sektor,wirtschaft_arbeitsstaetten_3_sektor,bau_leerwohnungsziffer,bau_neu_gebaute_wohnungen,sozialhilfequote,wahl_fdp,wahl_cvp,wahl_sp,wahl_svp,wahl_evp_csp,wahl_glp,wahl_bdp,wahl_pda_sol,wahl_gps,wahl_rechtsparteien
301,Aarberg,4632,13.3,584,12.9,19.6,59.0,21.3,4.8,1.9,9.9,8.2,2146,2.1,7.9,23.4,16,44.2,-25,29.7,2.6,2876,119,799,1958,352,18,60,274,0.65,3.5,2.7,9.919585965,0.993349843,14.82512034,33.66815994,3.817579788,9.844458666,12.19009989,0.303291689,10.25626756,1.811402655
302,Bargen (BE),1025,4.6,130,9.3,21.1,59.7,19.2,3.0,1.0,10.9,6.9,418,2.4,7.9,7.1,1,70.6,-2,19.0,3.3,420,69,180,171,71,23,9,39,3.25,2.0,,3.455095393,0.697999069,12.78501629,40.30944625,4.769660307,6.235458353,14.00651466,0.116333178,9.806886924,4.234527687
303,Grossaffoltern,3031,9.0,201,6.0,19.5,60.4,20.1,4.3,0.7,6.0,9.6,1316,2.3,15.1,10.8,45,62.2,-52,26.2,0.8,703,177,240,286,195,55,39,101,1.37,1.0,1.5,7.896241246,1.611404888,13.70230099,32.19594112,3.862369587,9.282549664,13.95598113,0.435901101,11.71930828,1.243390024
304,Kallnach,2204,3.9,123,10.1,18.1,60.1,21.9,4.5,1.4,9.5,8.6,958,2.3,18.0,7.9,21,66.4,-29,19.8,5.8,1064,227,237,600,168,58,29,81,0.46,2.3,1.7,5.994442239,1.100209834,10.69585436,41.32592299,2.500992457,7.287472353,13.48040606,0.181477911,9.045539613,4.236374979
305,Kappelen,1414,12.5,129,5.7,21.5,62.0,16.5,4.9,1.4,11.3,6.4,618,2.3,11.0,10.8,25,74.2,-26,14.2,0.8,589,103,307,179,119,30,24,65,1.93,13.5,1.0,5.925121177,0.376065519,11.95052649,40.29750961,2.983453117,7.25388601,17.48286813,0.54320575,7.655022564,2.390105298
306,Lyss,15525,13.1,1047,19.0,19.1,62.2,18.7,4.6,2.0,10.5,7.4,7080,2.2,14.8,32.3,105,34.6,-107,32.5,0.5,8495,89,3165,5241,930,17,172,741,2.88,12.4,4.7,12.06776274,1.191598477,18.10305818,24.02239903,6.382216524,9.769410611,11.73875335,0.708925676,10.6508541,2.063614767
307,Meikirch,2473,5.5,242,7.1,18.0,56.2,25.8,3.6,1.2,8.9,8.1,1088,2.2,10.2,9.3,7,64.4,-7,26.3,0.1,507,74,107,326,156,28,21,107,1.25,1.2,0.9,10.02689618,1.735700197,17.3713466,27.66003228,5.551371705,9.926483773,8.549399319,0.272547965,13.73139681,1.491841492
309,Radelfingen,1287,9.2,87,5.7,19.2,63.2,17.6,5.4,3.9,10.9,8.6,576,2.2,14.7,6.7,10,57.7,-6,31.4,4.1,264,107,33,124,105,41,14,50,1.86,3.9,1.7,5.134920635,1.380952381,9.087301587,41.54761905,3.365079365,9.587301587,12.35714286,0.531746032,11.27777778,1.801587302
310,Rapperswil (BE),2560,1.2,113,5.6,19.3,62.1,18.6,3.9,1.9,8.5,10.8,1104,2.3,22.6,8.1,20,64.4,-18,27.1,0.4,864,217,322,325,245,79,41,125,0.79,0.4,1.4,6.970521144,1.096683629,11.31338831,42.16967889,3.171609054,7.834707844,12.18196175,0.438673452,9.391998596,2.114406036
311,Schüpfen,3773,10.7,190,7.6,19.1,62.1,18.8,3.7,2.4,8.8,5.9,1702,2.2,19.8,10.8,32,55.8,-39,33.0,0.4,1345,150,254,941,270,55,37,178,3.23,6.1,2.6,6.039839712,0.949532493,16.78088158,32.43510076,3.165108311,8.839073117,13.52575643,0.92920611,12.80271793,1.489633544
312,Seedorf (BE),3084,2.8,148,7.3,18.5,60.2,21.3,3.9,1.3,7.7,8.1,1396,2.2,20.9,7.7,25,59.7,-23,32.3,0.3,1222,210,230,782,224,65,45,114,3.88,5.1,1.8,4.309553751,0.771505285,9.377017979,43.20769466,4.221187506,5.403935697,14.85232641,0.645753322,9.071134827,3.606022499
321,Aarwangen,4620,10.5,467,15.9,20.5,60.1,19.3,5.0,1.7,11.3,6.5,1962,2.3,9.9,15.0,30,45.8,-18,36.0,3.2,1593,75,570,948,255,24,46,185,7.60,20.2,3.9,11.62244291,1.259359043,13.28905736,38.64540585,2.56257636,9.059866546,8.677673005,0.137840293,9.006610069,2.048807995
322,Auswil,440,-4.1,95,2.3,18.4,62.3,19.3,6.8,0.0,9.1,9.1,195,2.2,4.6,5.0,5,84.2,-3,10.5,0.2,140,69,13,58,48,25,6,17,0.45,0.0,,4.342173687,0.15600624,5.044201768,51.37805512,2.704108164,2.938117525,11.15444618,0,9.204368175,7.826313053
323,Bannwil,661,-1.8,138,8.5,20.4,58.7,20.9,6.0,3.0,4.5,13.5,294,2.2,4.8,8.9,1,46.7,0,39.3,5.1,238,45,109,84,57,14,14,29,0.60,2.9,2.7,7.698334966,0.666013712,16.29774731,44.70127326,1.723800196,3.819784525,11.96865818,0.881488737,6.425073457,1.567091087
324,Bleienbach,713,8.9,125,6.6,17.1,59.0,23.8,1.4,0.0,7.1,12.8,321,2.2,5.7,8.3,10,57.0,-8,33.2,1.6,598,51,340,207,67,17,20,30,2.12,7.2,,5.125693764,0.375448906,16.56872347,53.19947764,2.056807052,5.354227881,7.655892915,0.424420503,5.615409729,0.587659158
325,Busswil bei Melchnau,181,-10.0,63,3.3,13.3,59.7,27.1,5.4,0.0,10.8,10.8,87,2.1,2.9,5.6,3,53.5,-3,41.0,0.0,48,31,5,12,,9,,9,0.00,0.0,,4.722222222,0.231481482,7.731481482,51.94444444,2.222222222,6.111111111,12.59259259,1.111111111,5.833333333,3.935185185
326,Gondiswil,728,2.5,77,2.9,22.0,56.3,21.7,0.0,2.7,2.7,8.2,314,2.3,9.4,5.9,4,69.4,-3,24.3,0.4,246,125,64,57,78,44,10,24,3.77,0.0,1.1,5.708308428,1.688583383,7.875074716,55.88762702,2.928870293,3.616258219,10.47519426,0,4.199043634,5.469216976
329,Langenthal,16066,4.7,760,23.5,19.3,59.6,21.1,4.5,1.4,10.2,10.8,7399,2.1,21.1,25.3,89,38.2,-84,36.3,0.2,12629,116,3689,8824,1294,32,174,1088,5.62,1.1,6.3,14.79809473,1.409605587,20.60788089,24.30417999,4.382675671,10.44858625,6.601192176,0.378658756,11.95585078,1.868418386
331,Lotzwil,2628,6.1,423,16.8,21.1,60.2,18.8,3.9,1.2,6.2,11.9,1143,2.3,6.2,15.5,19,47.3,-20,37.1,0.2,892,36,413,443,145,12,34,99,4.88,5.5,6.5,8.825438027,0.924724205,16.48280337,33.31170236,8.657797967,8.976854856,7.289638763,0.540774389,8.933592905,2.449707982
332,Madiswil,3275,5.3,141,4.9,20.2,58.2,21.7,4.3,2.4,8.5,9.5,1418,2.3,23.2,7.0,34,62.9,-31,29.8,0.3,1284,246,300,738,288,93,55,140,1.45,0.6,2.0,6.180469716,0.815153844,9.35088364,41.22206261,4.72388334,6.54461631,11.02462166,0.347442622,11.09477834,5.595830689
333,Melchnau,1489,-3.3,145,14.2,21.3,55.7,23.0,1.3,2.0,11.3,14.6,651,2.2,10.3,7.7,9,56.9,-11,35.1,0.3,693,103,191,399,122,34,19,69,3.46,5.2,4.9,8.637814828,0.957786449,13.76374601,44.11138702,4.611564385,7.254345513,8.26534232,0.461156439,7.981553743,1.427811281
335,Oeschenbach,221,-8.3,56,2.3,16.3,58.8,24.9,4.4,0.0,4.4,13.2,101,2.1,3.9,5.2,4,64.4,-3,29.9,0.5,120,61,24,35,35,19,7,9,1.67,0.0,,5.023640662,0.236406619,1.182033097,56.38297872,9.338061466,0.886524823,10.69739953,0,1.182033097,10.93380615
336,Reisiswil,174,-10.8,87,6.3,23.6,59.2,17.2,5.7,5.7,11.4,22.9,77,2.3,2.0,5.6,2,63.5,1,30.5,0.5,57,21,0,36,19,7,0,12,3.16,0.0,,1.848998459,0.462249615,0.770416025,69.56856703,0.385208012,2.080123267,3.775038521,0,7.627118644,12.17257319
337,Roggwil (BE),4056,5.6,517,15.9,20.8,58.8,20.5,3.7,1.0,8.6,9.8,1749,2.3,7.8,25.8,39,45.2,-37,28.2,0.9,1654,30,675,949,219,13,37,169,8.46,21.5,5.1,8.650291028,0.680894681,18.933265,36.42786543,2.379470659,7.577698869,11.0773511,0.285536479,8.03528938,2.924918549
338,Rohrbach,1484,1.6,364,8.0,19.4,58.3,22.3,6.7,2.0,7.4,3.4,676,2.2,4.1,15.9,8,63.2,-5,20.3,0.5,553,42,334,177,102,18,25,59,1.64,8.8,2.4,4.486304486,1.82000182,11.28401128,43.2978433,6.743106743,4.841204841,8.235508236,0.500500501,8.572208572,5.387205387
339,Rohrbachgraben,394,-7.9,61,4.6,22.3,57.1,20.6,2.5,0.0,12.5,15.0,145,2.7,6.5,2.9,2,69.2,-1,27.7,0.2,172,84,16,72,48,29,4,15,1.20,0.0,2.0,0.675067507,0.472547255,4.252925293,41.47164716,13.38883888,2.722772277,16.71917192,0.02250225,2.070207021,15.34653465
340,Rütschelen,566,-2.1,142,4.1,24.9,57.1,18.0,3.6,0.0,8.9,14.2,227,2.4,4.0,7.0,3,56.1,0,36.9,0.0,80,36,7,37,35,12,5,18,0.76,1.8,1.1,9.790518192,1.080485116,8.379272326,44.91730981,5.336273429,9.327453142,6.571113561,0.19845645,11.06945976,0.3969129
341,Schwarzhäusern,525,9.4,139,6.1,21.9,59.2,18.9,3.8,1.9,19.1,9.6,217,2.4,3.8,10.3,-2,52.3,-1,34.5,2.9,98,14,13,71,35,7,8,20,0.82,7.7,1.7,6.779289162,1.096972356,17.13470821,49.60508995,1.864853006,4.892496709,6.779289162,0.021939447,4.892496709,2.303641948
342,Thunstetten,3425,12.6,355,18.4,20.2,59.2,20.6,4.1,1.8,10.0,6.4,1469,2.3,9.7,19.6,53,53.8,-55,26.1,0.4,1570,143,826,601,204,37,48,119,9.69,10.8,5.1,10.60584926,0.743943832,14.73938718,39.66615521,6.621100107,7.27205096,7.034918864,0.185985958,6.523457479,3.663923374
344,Ursenbach,879,-5.5,96,4.2,19.3,60.6,20.0,3.4,0.0,2.3,10.1,382,2.2,9.2,5.9,11,62.9,-7,31.0,0.2,447,112,206,129,99,45,15,39,1.74,0.0,1.6,2.755046372,0.531914894,6.014729951,50.75013639,2.345881069,5.155482815,11.41571195,0.109110747,7.487725041,7.815057283
345,Wynau,1660,7.8,327,24.8,19.3,60.9,19.8,3.0,1.8,11.6,6.1,735,2.2,5.1,17.4,18,37.5,-15,39.6,5.5,396,34,115,247,99,14,22,63,2.87,2.5,4.9,8.017791971,0.88959854,18.54470803,37.9790146,3.125,6.056113139,9.899635037,0.695711679,4.824361314,3.968978102
351,Bern,134591,8.2,2607,24.9,16.7,66.1,17.2,6.0,1.7,11.8,9.3,65169,2.0,51.6,45.0,67,19.0,-96,33.6,2.4,188252,315,15242,172695,14615,51,1065,13499,0.56,1.1,5.0,7.617384007,2.030645928,28.7109273,9.477289561,2.46229198,13.48951711,4.21567746,1.217531286,25.24440106,0.776123748
352,Bolligen,6286,3.5,379,10.8,19.7,51.2,29.2,2.5,1.6,7.2,8.8,2743,2.2,16.6,12.4,19,43.5,-14,43.8,0.3,1590,132,252,1206,345,43,37,265,1.58,1.0,2.6,14.61249724,3.294325458,16.47309929,22.36402444,3.950835357,12.36181644,8.620004416,0.250239199,13.67336425,1.248252006
353,Bremgarten bei Bern,4369,4.2,2299,9.9,21.0,54.2,24.8,3.4,1.4,8.7,10.5,1901,2.3,1.9,45.7,15,32.4,-15,16.5,5.3,646,9,25,612,,,17,185,0.29,0.0,1.4,12.78270675,2.542499096,21.36337525,17.62515691,1.836131146,14.97414949,6.946660709,0.44467139,18.16344333,0.363822046
354,Kirchlindach,3214,12.8,269,9.3,17.7,58.1,24.2,4.4,1.9,9.7,9.1,1479,2.1,12.0,8.5,6,67.0,-6,23.6,0.9,788,111,71,606,182,36,21,125,2.74,21.3,1.7,10.67343003,1.669704896,16.69969089,26.66243957,2.26942485,12.70508045,8.295685715,0.713323294,16.0418483,0.879765396
355,Köniz,42044,8.3,824,19.5,19.3,60.2,20.5,4.7,1.8,10.5,9.5,19148,2.2,51.0,18.4,131,50.5,-149,30.8,0.3,22338,385,3785,18168,2259,136,278,1845,0.62,3.2,4.4,9.69173944,2.508134297,21.73106973,18.26538803,4.536066571,13.08200571,6.459731304,0.541334225,18.2656737,1.220358738
356,Muri bei Bern,13023,3.2,1707,17.4,18.6,54.1,27.3,3.5,1.4,7.4,12.0,5876,2.1,7.6,49.9,38,26.0,-41,21.9,2.2,9871,30,1676,8165,1053,9,127,917,1.27,1.0,3.1,22.28876428,2.316881384,15.94652984,17.73283983,2.71004432,13.65744786,6.804498737,0.40745977,14.00533748,1.393941319
357,Oberbalm,849,-1.8,69,4.1,19.8,59.1,21.1,3.5,0.0,10.6,14.1,377,2.2,12.4,4.6,8,74.2,-8,21.0,0.2,292,174,62,56,92,60,10,22,0.22,0.0,2.3,3.306433535,0.437121722,7.408652768,55.68258238,2.477023089,4.236718225,8.607935441,0.627661959,8.574310693,5.761040126
358,Stettlen,3137,7.9,896,15.2,20.8,58.5,20.7,2.2,1.6,10.2,9.0,1356,2.3,3.5,22.6,14,50.4,-9,26.6,0.3,738,24,166,548,154,8,26,120,3.60,0.6,3.8,13.88840725,2.847036793,14.30453931,22.22491937,3.044699518,11.80081146,16.35398967,0.367583313,10.75701356,1.026459063
359,Vechigen,5345,16.0,215,8.7,19.8,57.7,22.5,4.9,1.5,6.4,7.9,2322,2.3,24.8,8.6,33,60.7,-43,30.5,0.2,1307,235,145,927,304,85,41,178,0.76,12.4,1.1,10.91947415,1.709401709,13.62538806,30.72132153,4.467057606,11.43306121,9.507109731,0.291288184,12.13445249,1.421946265
360,Wohlen bei Bern,9266,3.9,255,12.1,18.3,53.4,28.2,2.3,1.6,7.3,9.3,4119,2.2,36.3,8.4,44,54.6,-44,32.8,4.3,1927,281,338,1308,508,87,58,363,0.57,0.8,3.6,11.2418712,2.077826725,21.79567862,23.17285505,2.010698553,11.38556744,7.867631634,0.532829872,16.08034403,0.964967485
361,Zollikofen,10471,6.5,1943,23.5,19.8,58.2,22.0,4.5,2.3,10.7,8.2,4755,2.1,5.4,42.4,37,43.7,-40,12.5,1.3,7690,405,1236,6049,528,16,72,440,3.86,5.5,5.2,11.16058728,2.617289448,19.20293888,23.79432756,4.205474538,11.1370861,8.511138323,0.571449776,13.81993148,1.930807575
362,Ittigen,11306,3.3,2692,25.8,18.9,58.3,22.8,4.8,1.8,10.1,10.4,5117,2.2,4.2,60.4,51,23.9,-55,14.5,1.2,12354,30,754,11570,675,5,83,587,0.85,0.5,8.1,14.60595402,3.25355559,16.1760208,22.20905337,4.968904522,11.27593414,9.377070908,0.555640516,12.86001937,1.576438803
363,Ostermundigen,17772,15.1,2982,30.7,19.0,60.0,21.0,5.7,2.0,11.8,10.1,8515,2.0,6.0,42.4,20,32.0,-16,25.5,0.2,7049,23,1942,5084,718,9,115,594,1.62,5.8,7.1,8.240737118,3.956531946,21.01901483,21.99127509,5.210493368,10.45228687,9.278532024,0.328651356,14.19852107,1.750850972
371,Biel/Bienne,55602,8.6,2624,34.0,19.4,62.4,18.2,4.2,2.9,11.8,10.7,26161,2.1,21.2,45.5,83,7.9,-81,45.4,1.2,41468,38,9739,31691,4437,10,517,3910,2.76,10.5,10.7,7.910076836,2.435799026,26.35146946,15.43749383,3.212518715,8.931896427,3.891958443,1.941039224,24.14329034,1.577379369
372,Evilard,2654,11.9,717,13.9,23.9,52.6,23.5,1.9,0.8,5.6,10.9,1080,2.4,3.7,29.2,14,30.2,-12,40.6,0.0,343,20,28,295,135,7,11,117,1.00,0.4,1.1,16.44273272,2.183903015,18.25025165,13.23909143,1.890673553,12.78392927,4.258392052,0.814040002,24.20674865,2.350212263
381,Arch,1629,6.4,255,7.4,20.3,59.0,20.7,5.0,4.3,9.3,9.3,733,2.2,6.4,16.1,31,51.4,-23,27.2,5.3,585,31,336,218,109,13,30,66,1.93,3.8,2.1,6.477093207,0.706254066,7.02536939,45.72995075,2.090883747,8.558684137,15.78849549,1.115137998,7.787380355,1.273115881
382,Büetigen,870,10.4,241,7.9,20.7,61.1,18.2,3.4,1.1,11.5,5.7,354,2.4,3.6,10.0,9,62.6,-9,26.6,0.8,130,28,42,60,50,9,16,25,3.42,5.8,2.8,6.063420459,1.711556322,12.76369908,39.85670691,0.822608465,7.483083455,12.20644819,0.490911503,9.234443413,4.524346557
383,Büren an der Aare,3584,10.2,284,18.3,21.0,59.3,19.7,3.3,2.0,7.8,8.1,1632,2.2,12.6,11.7,22,46.2,-21,34.4,7.6,2132,107,1240,785,276,28,59,189,1.79,9.4,4.2,9.357525961,0.863479022,12.7353646,33.79360189,5.24553996,12.0202366,10.89429039,0.403210468,9.384153068,1.841074214
385,Diessbach bei Büren,994,11.6,157,9.6,23.5,59.4,17.1,6.1,3.0,11.1,10.1,398,2.5,6.3,7.9,8,59.7,-7,32.3,0.0,279,113,80,86,71,19,15,37,1.11,1.0,1.6,5.316059862,0.547241456,11.90529372,44.21487603,7.080634353,6.399374581,10.85548358,0.033504579,8.610676793,1.049810141
386,Dotzigen,1478,11.0,349,8.9,21.6,57.2,21.2,2.7,2.0,9.5,5.4,612,2.4,4.2,14.7,8,55.6,-8,26.5,3.3,782,23,79,680,89,7,17,65,0.58,4.0,3.4,5.704115298,0.79006772,16.574058,31.82844244,4.766452509,9.758638653,11.69473867,0.538287897,12.59767321,2.396249349
387,Lengnau (BE),5280,14.7,713,26.6,20.1,57.7,22.3,4.9,1.5,11.4,8.7,2337,2.2,7.4,21.5,33,39.3,-36,37.0,2.2,1822,32,879,911,260,11,72,177,2.11,3.7,6.3,9.551842652,1.173988498,20.0530847,34.56970769,4.464559159,5.856331031,8.80661517,0.421955286,10.03164665,1.041276755
388,Leuzigen,1289,8.0,125,6.5,22.0,57.6,20.3,6.3,4.7,13.3,10.2,557,2.3,10.3,11.2,34,45.7,-35,39.8,3.3,273,96,53,124,90,23,19,48,5.04,4.0,2.3,11.20974166,0.751109594,10.19688176,36.82713099,1.365653807,7.659041766,15.50017071,0.079663139,6.612040514,3.300330033
389,Meienried,50,-5.7,77,2.0,16.0,64.0,20.0,36.7,0.0,0.0,0.0,23,2.2,0.7,3.1,0,72.3,0,13.8,10.8,,9,,4,,,,4,4.17,0.0,,,,,,,,,,,
390,Meinisberg,1298,2.1,296,10.7,22.9,55.2,22.0,3.8,1.5,6.2,6.9,544,2.3,4.4,15.1,11,54.0,-12,25.2,5.7,237,27,47,163,74,10,14,50,5.32,0.0,2.8,5.767970286,2.108367927,13.76447455,37.36071663,4.020100503,7.483067512,11.68887918,0.360498143,7.920034957,4.741096788
391,Oberwil bei Büren,901,12.6,134,6.0,22.4,58.2,19.4,2.3,2.3,7.9,10.1,384,2.3,6.7,8.4,10,56.0,-10,35.6,0.0,202,67,63,72,74,21,15,38,2.52,28.0,2.7,6.777066518,1.628165878,7.765098803,46.24269413,1.099359866,11.60590036,9.156693571,0.055663791,7.639855274,3.284163652
392,Pieterlen,4651,31.3,557,30.1,23.4,59.9,16.7,3.3,2.4,11.1,7.3,2006,2.3,8.4,19.5,38,31.2,-46,47.1,2.3,1283,29,420,834,224,11,50,163,5.54,12.3,7.2,8.75417307,2.013671772,15.12903397,37.40660272,4.626145938,7.222722696,7.927507816,0.408033491,8.526310211,2.268030311
393,Rüti bei Büren,857,2.9,132,10.6,18.8,60.0,21.2,3.5,1.2,17.5,5.8,384,2.2,6.5,9.5,9,49.1,-8,38.2,3.2,549,40,162,347,70,18,17,35,5.01,2.4,3.1,4.821150855,0.622083981,8.795576292,35.61430793,2.211854156,6.099879039,28.92690513,0,7.758769656,1.434249179
394,Wengi,608,-1.1,86,8.2,20.9,61.7,17.4,8.2,1.6,18.0,8.2,273,2.2,7.1,7.6,5,73.1,-4,16.7,2.5,150,69,34,47,58,22,8,28,4.14,3.2,,4.288100984,0.965286802,8.501949137,50.39910897,1.46649341,6.589938741,9.504362354,0.575459439,11.17505105,3.174308521
401,Aefligen,1096,9.1,537,8.4,19.6,60.7,19.7,4.6,4.6,5.5,7.3,492,2.2,2.0,22.3,8,69.4,-9,3.9,4.4,255,27,106,122,73,11,17,45,4.94,5.5,2.8,4.297458894,0.797209766,11.98305929,45.24165421,6.48978575,6.738913802,11.70901844,0.099651221,5.356253114,3.41305431
402,Alchenstorf,576,1.2,88,4.7,17.4,59.5,23.1,5.2,0.0,3.5,5.2,258,2.2,6.6,7.6,7,60.2,-5,31.9,0.3,114,70,8,36,41,21,4,16,1.07,5.2,,3.558526012,1.427023121,8.99566474,50.59609827,2.908236994,5.148121387,15.20953757,0.939306358,6.177745665,2.474710983
403,Bäriswil,1046,5.1,383,6.8,19.2,58.2,22.6,0.9,0.9,10.4,7.6,462,2.3,2.7,11.9,12,45.8,-12,41.5,0.7,170,15,27,128,58,6,14,38,3.67,0.9,2.9,6.797524657,1.566428157,13.21794624,35.60239799,2.00154709,11.53548637,13.02456005,0.386772385,9.727325469,2.165925353
404,Burgdorf,16587,7.9,1066,16.7,18.3,61.1,20.7,5.2,1.8,9.0,10.2,7811,2.1,15.6,31.5,60,25.0,-61,40.8,2.7,14102,29,3632,10441,1294,9,167,1118,1.94,15.6,5.6,8.766097291,1.042454813,21.47273492,18.36676984,6.101112003,11.28510833,9.835301311,0.755856166,15.72624097,2.533532042
405,Ersigen,2039,5.8,132,3.7,21.8,57.8,20.4,3.9,1.5,8.8,9.7,883,2.3,15.5,7.5,17,61.8,-20,30.6,0.1,589,162,156,271,148,51,26,71,2.74,3.9,0.8,7.102547155,1.286288068,10.69703594,44.69978138,3.467385226,8.002440388,11.66302303,0.188113275,7.504194418,2.282780009
406,Hasle bei Burgdorf,3326,7.1,152,9.2,20.6,60.3,19.0,3.9,1.2,9.4,8.2,1419,2.3,21.9,7.7,24,58.8,-30,32.6,0.9,1348,257,307,784,250,81,36,133,1.48,0.9,3.0,5.165025186,1.101420946,9.457935494,39.16246899,6.116081498,7.811442749,12.14946245,0.135328171,7.612209608,6.022103601
407,Heimiswil,1636,0.0,70,4.2,22.9,58.0,19.1,3.1,0.0,10.4,10.4,674,2.4,23.4,4.9,15,61.2,-15,33.7,0.2,506,292,71,143,155,97,16,42,2.00,1.2,1.9,2.419513475,0.767162809,7.697855878,47.64933447,4.963608944,5.029178415,10.63536817,0.577011344,7.684741984,6.701199921
408,Hellsau,211,9.3,143,3.3,24.2,59.7,16.1,14.2,0.0,19.0,4.7,80,2.6,1.5,6.7,2,69.3,-2,24.0,0.0,129,20,73,36,,6,,7,1.20,4.8,,,,,,,,,,,
409,Hindelbank,2611,19.2,269,12.9,20.3,60.6,19.1,5.4,2.7,11.5,9.6,1179,2.2,9.7,13.1,18,61.8,-12,24.8,0.4,983,64,165,754,185,20,32,133,3.00,0.4,3.3,6.832036012,1.589608928,11.95254619,37.47538216,4.993904155,8.69361343,12.00881553,0.49704586,9.912782519,2.668104661
410,Höchstetten,270,5.9,102,4.1,18.1,60.4,21.5,0.0,0.0,11.0,11.0,117,2.3,2.6,7.4,2,72.0,-2,19.8,0.8,104,39,28,37,28,12,6,10,0.00,0.0,,3.688833124,0.376411543,6.825595985,60.65244668,1.405269762,4.818067754,10.56461731,0.050188206,5.144291092,0.200752823
411,Kernenried,560,26.4,168,4.3,20.0,60.2,19.8,1.8,0.0,12.6,3.6,231,2.4,3.3,14.5,14,60.5,-14,23.8,1.2,122,25,27,70,34,9,7,18,2.93,0.0,1.5,4.837328767,0.941780822,8.904109589,44.97003425,1.348458904,11.62243151,12.2859589,0.107020548,10.9375,1.005993151
412,Kirchberg (BE),5916,6.0,654,15.6,19.5,59.0,21.5,3.7,1.2,8.9,8.8,2666,2.2,9.1,21.3,48,44.9,-49,32.2,1.7,3082,67,1011,2004,418,25,67,326,3.41,0.7,3.2,12.06534839,1.414989064,15.48676517,30.36646878,3.285274294,10.9382672,13.49372852,0.209793331,8.181939919,1.292237647
413,Koppigen,2082,0.1,300,5.6,19.0,58.6,22.4,4.3,1.9,8.1,7.2,922,2.2,6.9,17.3,34,58.7,-31,23.2,0.7,904,56,216,632,154,18,27,109,2.72,0.0,2.1,7.966493356,1.311380705,13.25823224,37.65453495,2.131715771,10.08087811,13.41421144,0.236857308,8.977469671,1.542461005
414,Krauchthal,2401,4.3,124,5.7,19.5,61.8,18.7,3.4,2.9,9.2,6.3,1017,2.3,19.4,7.1,42,42.7,-48,49.5,0.6,514,125,98,291,138,46,27,65,1.94,4.7,1.3,7.97044335,0.699507389,11.90147783,42.06403941,3.157635468,6.108374384,11.51724138,0.857142857,8.137931035,3.285714286
415,Lyssach,1437,-0.8,238,9.4,18.6,60.4,20.9,6.2,4.9,11.1,8.3,654,2.2,6.1,14.7,3,52.8,-4,31.5,1.0,1487,34,184,1269,161,12,20,129,1.57,0.0,3.5,5.661444032,1.453723147,12.53432402,46.52721693,3.190114683,6.937489905,10.91907608,0.452269423,8.027782265,0.952996285
418,Oberburg,2970,3.1,210,19.2,22.1,59.0,18.9,5.1,4.1,9.8,8.8,1281,2.3,14.1,10.4,36,55.7,-37,33.4,0.6,1183,130,361,692,187,48,35,104,2.43,3.1,7.9,4.56308886,0.729724737,12.34527988,44.23609828,3.11749492,6.299648993,12.35913541,1.34860521,7.343432477,3.274524293
420,Rüdtligen-Alchenflüh,2419,11.5,889,26.3,19.0,63.4,17.7,2.9,2.1,7.0,8.7,1111,2.1,2.7,30.6,20,61.3,-19,6.3,1.8,1131,35,378,718,104,7,18,79,2.21,0.4,5.3,8.875960319,1.387334974,10.487059,43.50712314,2.729917207,7.801894533,10.00223764,0.074587902,9.912732155,1.23070038
421,Rumendingen,79,0.0,32,0.0,25.3,54.4,20.3,0.0,0.0,0.0,0.0,35,2.2,2.4,8.5,4,59.7,-1,30.2,1.6,144,29,13,102,,9,,,6.98,0.0,,4.0625,0.416666667,5,63.22916667,0.208333333,5,8.645833333,0,5.9375,0.625
422,Rüti bei Lyssach,167,0.0,129,3.0,20.4,63.5,16.2,12.2,0.0,18.3,0.0,74,2.2,1.3,6.0,0,82.0,0,12.0,0.0,,22,,,,7,,,1.23,0.0,,,,,,,,,,,
423,Willadingen,204,4.1,94,1.0,16.2,59.3,24.5,4.9,0.0,4.9,0.0,97,2.1,2.2,4.5,2,67.3,-2,28.2,0.0,,21,,26,,9,,9,1.00,0.0,,4.66562986,0.583203733,8.203732504,60.45878694,1.01088647,7.892690513,9.525660964,0,5.520995334,0.972006221
424,Wynigen,2093,2.9,74,3.5,21.0,57.2,21.8,4.3,0.5,9.6,8.2,893,2.3,28.3,5.6,20,56.7,-13,37.5,0.2,719,277,148,294,213,99,35,79,1.18,4.4,1.8,5.665349144,0.898738942,8.516845473,47.10615471,5.8865048,5.641821946,11.26482213,0.418784114,6.719367589,3.623188406
431,Corgémont,1737,12.2,98,15.3,23.3,57.1,19.6,4.6,3.5,7.0,9.9,744,2.3,17.7,5.9,22,54.9,-16,38.8,0.5,626,58,116,452,111,21,21,69,2.65,7.8,2.5,5.633565963,5.213150593,14.23526444,39.62835281,1.807786093,6.281005634,2.278651308,0.916505507,17.31270495,3.338098041
432,Cormoret,490,-3.7,36,4.3,21.2,55.7,23.1,4.1,0.0,8.2,4.1,210,2.3,13.5,3.3,4,54.2,0,42.1,0.4,119,32,27,60,47,10,11,26,1.53,4.1,2.4,3.737825744,3.421953146,21.3740458,27.34930245,5.580415899,7.554619637,7.765201369,2.053171887,15.9515662,2.158462753
433,Cortébert,688,-2.1,47,15.0,21.1,58.1,20.8,4.3,1.4,12.9,5.7,306,2.2,14.8,3.1,8,49.2,-8,47.6,0.1,251,54,66,131,62,19,14,29,2.16,0.0,4.0,5.15863958,3.469527505,18.00958685,45.01255421,2.145628852,6.3455832,1.940196302,0.273910066,14.65418854,0.684775166
434,Courtelary,1456,14.6,66,16.3,23.8,56.3,20.0,1.4,1.4,10.4,11.1,597,2.4,22.2,4.5,13,51.6,-24,43.7,0.2,736,52,363,321,108,21,24,63,1.51,4.3,4.1,4.984765387,4.009750152,16.16087751,37.01401584,1.572212066,6.849482023,2.388787325,0.804387569,21.26751981,0.633759903
435,La Ferrière,529,-3.1,37,7.0,20.0,65.4,14.6,3.8,1.9,13.2,9.4,220,2.4,14.2,3.7,10,61.9,-7,34.0,0.4,217,69,92,56,58,28,10,20,0.34,0.0,,5.424604456,1.5821763,8.330642557,32.4507588,6.328705199,6.264126574,3.293509848,5.392315144,20.01937359,4.875686148
437,Mont-Tramelan,109,-9.2,23,0.9,29.4,49.5,21.1,0.0,8.7,8.7,8.7,43,2.5,4.6,2.8,2,58.8,-5,38.4,0.0,56,37,8,11,,13,,,0.00,0.0,,0.583333333,2.166666667,7.666666667,47.66666667,20.25,1.416666667,5.916666667,0.166666667,2.25,1.416666667
438,Orvin,1196,0.3,55,11.8,19.9,57.9,22.2,0.0,1.7,9.9,6.6,539,2.2,21.6,4.8,13,37.5,-8,57.2,0.6,476,57,167,252,92,23,18,51,0.47,0.8,1.9,5.795780151,2.305287835,18.14274551,35.36077103,4.258921594,4.636624121,2.839281063,0.794477729,19.87496744,2.148997135
441,Renan (BE),927,8.9,73,10.7,19.2,63.4,17.4,3.2,0.0,7.5,7.5,422,2.2,12.6,5.8,7,60.0,-9,33.7,0.5,272,56,55,161,71,22,10,39,2.59,1.1,1.9,5.252026789,1.550934085,15.82657737,25.30842439,4.54705675,4.881917519,6.485724357,3.048995418,20.07402185,4.617553754
442,Romont (BE),204,2.5,29,14.7,11.8,61.3,27.0,0.0,0.0,5.0,0.0,90,2.2,7.0,3.2,4,38.2,1,58.4,0.3,41,21,5,15,,7,,10,4.31,5.3,,3.489235338,4.528582034,14.40237565,51.89309577,0.222717149,1.410541945,7.720861173,0.07423905,13.95694135,0
443,Saint-Imier,5140,7.7,246,30.2,20.4,60.3,19.3,3.5,1.9,9.5,9.7,2489,2.0,20.9,9.3,19,49.4,-8,40.6,0.7,3683,57,1360,2266,343,23,65,255,11.92,1.9,10.3,12.91778311,5.617449349,21.44032341,25.11164387,3.666619659,4.052084802,1.701687585,2.585436939,17.26131716,1.696986791
444,Sonceboz-Sombeval,1952,9.7,130,18.2,24.2,59.2,16.6,3.1,1.0,9.7,8.7,794,2.4,15.0,7.5,30,33.3,-29,58.5,0.7,1672,39,1103,530,106,11,30,65,1.98,2.1,2.3,3.972694718,6.289167413,18.39749329,24.48522829,9.881378693,6.759176365,2.931960609,0.246195166,13.10429722,9.142793196
445,Sonvilier,1237,4.8,52,12.9,25.0,59.4,15.6,4.0,2.4,10.5,6.5,531,2.3,23.8,4.5,11,60.9,3,34.3,0.3,297,114,25,158,102,44,11,47,1.72,0.8,3.7,4.921000658,2.880184332,11.27386438,38.66030283,3.27518104,5.924950625,3.83475971,1.777485188,16.72152732,5.019749835
446,Tramelan,4580,7.7,184,16.8,21.4,57.8,20.8,3.5,2.2,9.2,9.4,2074,2.2,24.8,8.8,29,58.7,-12,31.3,1.3,2337,97,971,1269,327,38,68,221,3.17,3.0,4.7,7.062643756,3.950750913,30.90921391,25.98092274,7.712082262,2.584224056,1.484914085,1.227844676,13.64159112,2.212149912
448,Villeret,924,4.2,57,16.1,22.5,57.3,20.2,1.1,4.3,14.1,5.4,407,2.2,16.2,4.1,9,45.3,-6,49.9,0.8,1129,37,969,123,69,12,18,39,1.40,0.0,4.5,6.929445644,2.411807055,15.67674586,35.15118791,3.635709143,6.875449964,2.537796976,1.205903528,20.60835133,2.681785457
449,Sauge,819,2.5,61,12.8,17.0,59.5,23.6,4.9,2.4,7.3,8.6,374,2.2,13.5,5.8,7,34.6,-7,59.4,0.2,156,25,29,102,44,8,9,27,1.76,1.2,3.3,3.891866698,5.499883477,14.89163365,27.84898625,2.470286647,10.51037054,1.794453507,1.654625961,18.85341412,2.610114193
450,Péry-La Heutte,1890,2.7,79,16.3,21.1,57.9,21.0,0.5,2.6,8.4,9.0,843,2.2,23.8,9.2,54,23.5,-37,66.3,1.1,472,26,206,240,105,10,29,66,3.98,1.6,4.3,9.435776875,4.594998931,18.02735627,37.96751443,1.688394956,5.407138277,4.11412695,1.025860227,11.88288096,1.667022868
491,Brüttelen,588,2.6,89,20.2,17.9,62.8,19.4,1.7,1.7,3.4,8.6,265,2.2,6.6,7.1,5,69.9,-5,22.5,0.5,298,100,15,183,64,18,9,37,1.28,0.0,1.4,7.654097991,0.04515692,11.87627004,45.24723414,2.235267555,7.089636487,10.29577783,0,12.6890946,0.02257846
492,Erlach,1388,11.5,398,17.0,17.8,61.5,20.7,5.0,0.7,13.7,10.8,654,2.1,3.5,15.4,3,45.9,-3,27.0,11.6,436,44,70,322,108,10,18,80,1.65,0.0,1.9,10.28249614,1.253519847,17.00426923,27.94077573,1.435189391,9.637569262,7.076028704,1.798528477,19.03896812,0.390589518
493,Finsterhennen,581,17.6,163,30.1,22.9,59.9,17.2,10.4,1.7,5.2,1.7,220,2.6,3.6,11.2,3,71.4,-4,16.0,1.4,165,56,49,60,39,13,4,22,1.23,1.8,2.6,4.533745492,0.85007728,7.41885626,40.23699124,2.988150438,9.299330242,15.53323029,0.257599176,7.032457496,4.533745492
494,Gals,833,16.0,106,12.0,20.2,60.6,19.2,3.6,2.4,15.7,6.0,366,2.3,7.8,8.1,11,53.0,-12,33.8,5.1,669,142,167,360,64,15,9,40,5.56,3.8,1.1,6.628718325,3.507161219,13.29416085,31.49100257,3.598971722,11.03562248,8.850532501,1.009915534,13.77157547,0.312155711
495,Gampelen,953,22.5,90,18.9,18.7,63.8,17.5,8.4,5.2,20.9,2.1,404,2.3,10.6,11.2,31,58.0,-49,25.4,5.4,786,85,147,554,97,18,15,64,2.53,6.2,2.1,9.846930724,2.177686603,12.1824207,38.63026669,4.308032192,6.690863185,7.858608174,0.252485403,11.72479091,1.704276472
496,Ins,3555,10.1,149,17.9,23.0,57.1,19.9,3.1,2.0,11.0,9.6,1505,2.3,23.9,9.5,40,66.7,-49,21.0,2.8,1676,252,385,1039,280,45,37,198,2.46,5.4,2.4,8.572021586,1.494396015,16.30690466,32.83174208,1.98906877,9.295004843,8.814169088,0.484295005,15.0027674,0.98934551
497,Lüscherz,551,3.8,102,11.6,14.7,63.0,22.3,0.0,0.0,5.4,7.2,279,2.0,5.4,7.6,4,45.1,-1,46.6,0.7,146,37,33,76,50,13,10,27,0.75,7.3,1.3,8.793604651,0.484496124,13.6627907,51.40503876,1.477713178,6.080426357,6.007751938,0.072674419,7.703488372,0.799418605
498,Müntschemier,1505,16.8,309,31.5,21.7,63.1,15.1,4.1,2.7,15.8,5.5,617,2.4,4.9,18.7,19,78.2,-22,1.4,1.6,1086,102,211,773,86,22,16,48,2.99,20.8,0.6,8.503645887,0.872958817,4.796138441,44.72630174,8.873369621,6.922049913,12.673308,0.513505186,7.384204581,2.434014584
499,Siselen,603,5.8,109,12.6,17.4,59.4,23.2,5.0,11.7,10.0,3.3,264,2.3,5.5,7.1,5,74.1,-6,18.3,0.5,211,66,68,77,62,23,13,26,0.66,10.5,2.4,4.755327545,0.355169692,10.93133386,48.48066298,3.531965272,7.971586425,16.10102605,0.01973165,6.156274665,0.513022889
500,Treiten,411,-2.4,87,10.0,17.5,59.1,23.4,2.4,2.4,2.4,2.4,184,2.2,4.7,8.3,9,72.4,-13,17.4,1.9,127,81,9,37,36,18,4,14,0.45,2.4,,3.438256659,0.169491525,3.559322034,56.02905569,4.794188862,5.181598063,13.34140436,1.162227603,6.440677966,3.317191283
501,Tschugg,472,5.8,143,20.1,18.6,65.0,16.3,0.0,2.2,4.3,2.2,220,2.1,3.3,10.6,6,42.9,-5,46.2,0.3,423,13,16,394,37,4,7,26,1.20,33.6,,6.231845788,0.924214418,10.69448112,32.03063111,4.304198574,11.11697914,11.06416689,0.026406126,19.75178241,0.237655136
502,Vinelz,877,7.7,192,9.6,19.3,56.3,24.4,2.3,3.4,6.9,9.2,394,2.2,4.6,13.9,9,51.1,-7,34.8,0.2,191,43,48,100,71,11,14,46,1.50,7.0,,8.876740856,0.924118183,12.71638683,30.74319927,2.433945074,9.410386568,13.25003254,0.468566966,15.73604061,2.134582845
533,Bätterkinden,3249,3.3,319,7.2,20.2,59.1,20.7,4.0,1.5,8.9,7.4,1408,2.3,10.2,15.6,52,57.9,-52,24.3,2.2,896,65,333,498,155,18,26,111,1.24,0.3,2.3,6.088428026,1.40419097,21.44091596,28.15582919,2.992006913,10.51703032,12.9977677,0.396053863,10.96349103,0.802909196
535,Deisswil bei Münchenbuchsee,91,-5.2,42,2.2,9.9,71.4,18.7,11.3,0.0,11.3,0.0,42,2.1,2.2,13.6,6,60.7,-5,25.7,0.0,212,17,163,32,,4,,5,0.00,0.0,,,,,,,,,,,
536,Diemerswil,204,-0.5,71,2.0,23.5,61.3,15.2,9.8,0.0,9.8,9.8,73,2.8,2.9,6.0,2,73.8,-2,20.2,0.0,69,40,11,18,,13,,5,0.00,0.0,,13.51351351,0.487372619,7.709348693,39.03411608,0.354452814,12.45015507,9.171466549,0.841825432,12.53876828,1.417811254
538,Fraubrunnen,5180,8.2,162,7.7,22.0,59.3,18.7,4.3,1.7,8.9,6.2,2185,2.3,31.9,7.6,27,63.2,-28,28.7,0.5,1176,276,206,694,337,87,48,202,1.45,8.9,1.8,7.185890681,1.497226254,11.39721234,32.94096594,5.253216153,9.997415147,14.12124948,0.264450321,11.81476547,2.562980932
540,Jegenstorf,5761,7.4,427,9.8,20.4,55.8,23.8,3.1,2.6,6.1,9.0,2557,2.2,13.5,12.1,26,63.5,-30,23.4,1.0,2365,95,284,1986,329,35,45,249,4.21,3.7,2.2,9.975124823,1.97748707,18.29667675,22.35186743,7.262119938,11.77902253,11.87387033,0.327493334,11.32088978,1.886218436
541,Iffwil,421,2.4,83,7.4,21.9,60.3,17.8,4.6,2.3,9.3,9.3,166,2.5,5.1,7.9,14,55.8,-15,36.3,0.0,161,63,10,88,41,12,7,22,0.53,0.0,2.9,6.686046512,0.436046512,12.40310078,41.64244186,3.439922481,9.253875969,14.99515504,0.339147287,6.831395349,1.91375969
543,Mattstetten,575,-0.9,152,3.3,20.9,51.0,28.2,7.0,0.0,7.0,7.0,241,2.4,3.8,15.1,21,50.0,-17,33.9,1.1,188,28,31,129,41,9,7,25,1.88,0.0,,8.682198762,4.495813615,10.53876957,39.8434656,4.878048781,5.660720786,8.955223881,0.036403349,12.21332363,1.63815071
544,Moosseedorf,4130,15.7,647,20.0,20.3,60.9,18.7,5.6,1.5,14.1,7.3,1876,2.2,6.4,30.5,78,30.0,-79,36.0,3.5,5334,32,1490,3812,251,12,39,200,0.61,0.5,5.3,8.240378223,2.219841915,17.9138657,29.4267563,4.598507794,13.00140356,8.968013592,0.350890153,10.60796336,1.52544877
546,Münchenbuchsee,10355,5.8,1175,19.2,20.5,58.6,21.0,4.7,1.8,10.2,7.3,4621,2.2,8.8,33.8,84,38.7,-84,27.1,0.3,5348,26,1084,4238,513,11,88,414,0.92,4.0,3.8,8.239460932,2.214578885,18.98630592,26.49439323,6.220511706,11.01791354,8.741960644,0.465419581,12.29270289,1.917937833
551,Urtenen-Schönbühl,6317,11.9,879,19.4,21.2,60.2,18.6,5.7,2.2,13.0,6.4,2840,2.2,7.2,20.4,28,44.3,-30,30.4,4.9,4422,40,641,3741,333,14,53,266,2.98,1.0,6.1,8.761131152,2.169471002,17.05809642,29.68643576,6.2662395,10.98610025,10.19651371,0.403622512,9.792891199,1.733054161
552,Utzenstorf,4376,7.2,258,9.1,20.0,59.3,20.7,2.5,1.8,7.6,7.8,1963,2.2,16.9,12.8,43,59.4,-35,26.8,1.1,1634,108,653,873,264,36,53,175,3.38,14.4,3.0,6.187878956,1.304022814,16.29613223,37.55364213,1.907583266,9.792629918,12.34530303,0.191035189,10.37127274,0.885960298
553,Wiggiswil,103,2.0,72,7.8,21.4,63.1,15.5,0.0,0.0,9.7,0.0,46,2.2,1.4,18.5,10,67.1,-11,12.3,2.1,45,19,7,19,,5,,6,0.00,0.0,,7.752273712,0.5197055,6.193157211,51.5374621,4.027717627,7.622347337,9.657860546,0.086617583,8.445214379,1.126028584
554,Wiler bei Utzenstorf,985,21.3,258,9.4,21.6,61.2,17.2,5.1,2.1,8.2,6.2,418,2.3,3.8,15.1,9,52.9,-9,31.0,1.1,329,53,211,65,52,12,14,26,2.10,18.7,2.2,5.267073352,1.086147895,15.6226752,32.12319595,3.03526261,12.49814016,16.27733968,0.029757477,6.4127362,1.309328969
556,Zielebach,319,-0.9,167,7.5,16.9,59.6,23.5,0.0,0.0,9.4,12.5,141,2.2,1.9,8.9,2,40.8,-3,48.2,2.1,45,15,12,18,18,5,4,9,0.64,0.0,,7.772511848,0.521327014,10.99526066,54.92890995,0.379146919,1.800947867,11.7535545,0,7.725118483,0.473933649
557,Zuzwil (BE),570,-0.7,164,2.8,22.6,54.2,23.2,3.5,0.0,7.0,5.2,235,2.4,3.5,7.2,4,65.6,-5,26.9,0.3,76,35,0,41,24,11,0,13,0.82,0.0,,9.598630989,2.566894835,13.97013068,29.38705663,3.251400125,7.871810828,15.89919104,0.404480398,12.21219664,2.675793404
561,Adelboden,3352,-5.9,38,7.8,19.9,58.2,21.9,4.2,1.5,10.7,12.2,1471,2.2,87.6,2.5,60,41.5,-101,18.3,37.7,2493,365,566,1562,401,120,70,211,0.70,13.1,0.4,4.190968172,0.369382881,5.238015886,44.75365217,5.27412098,7.401544187,4.843637172,0.163861579,2.813419986,22.23518303
562,Aeschi bei Spiez,2244,8.9,72,5.9,20.2,58.3,21.5,4.9,0.9,7.6,7.2,1008,2.2,31.0,5.1,30,46.4,-40,27.4,21.1,997,164,150,683,227,65,33,129,0.87,2.6,1.0,4.538354738,0.629121833,7.119923638,44.16869143,8.512669212,9.250260326,6.803193336,0.255987504,7.779416869,5.978826796
563,Frutigen,6940,3.3,96,7.8,21.7,57.3,21.0,4.2,1.6,9.4,9.5,2982,2.3,72.3,4.6,99,53.3,-134,26.4,15.8,4348,579,1400,2369,644,200,120,324,0.72,2.6,2.5,3.937662338,0.572912802,6.527643785,41.15473098,10.22782931,12.35621521,5.242300557,0.175139147,3.894619666,12.0296846
564,Kandergrund,821,1.5,26,6.8,21.2,57.4,21.4,7.4,1.2,18.5,1.2,378,2.2,32.1,4.3,45,32.6,-9,36.9,26.1,301,111,89,101,86,38,18,30,3.48,6.4,1.0,1.69127132,1.619607281,5.704457503,68.28149635,4.041851799,5.303138885,5.876451197,0,3.941522144,1.318618317
565,Kandersteg,1281,4.1,10,22.0,13.5,59.3,27.2,0.8,3.1,7.0,13.2,658,1.9,134.3,1.0,19,13.3,-49,11.8,73.9,708,40,95,573,129,15,20,94,2.47,5.4,1.5,6.076679695,0.82821515,12.18127675,41.78298902,1.898380793,12.54420249,13.43755816,0.288479434,5.22054718,1.730876605
566,Krattigen,1131,15.6,189,8.2,16.9,55.3,27.8,4.4,3.5,5.3,8.8,528,2.1,6.0,10.9,17,37.6,-18,50.6,1.0,272,29,41,202,78,10,17,51,3.06,1.8,1.1,3.680387409,0.774818402,11.11864407,31.89346247,5.152542373,9.539951574,18.33414044,0.600484262,9.462469734,4.648910412
567,Reichenbach im Kandertal,3624,5.6,29,5.3,21.5,56.7,21.8,5.8,0.8,10.2,8.8,1599,2.2,125.8,2.2,80,39.3,-128,24.5,34.0,1412,307,422,683,379,115,81,183,0.77,2.5,1.0,4.934333959,0.434646654,6.704190119,54.14008755,2.520325203,10.43464665,6.116322702,0.196998124,4.368355222,6.141338337
571,Beatenberg,1196,4.5,41,17.1,16.1,54.8,29.1,3.3,1.7,5.0,13.4,601,1.9,29.2,4.2,21,32.9,-36,53.7,9.1,549,55,99,395,120,20,20,80,3.44,5.0,2.0,4.747631019,0.928253723,8.20924386,46.49004061,5.2310965,5.076387546,5.598530265,0.232063431,10.90698124,6.343067105
572,Bönigen,2528,3.4,167,9.6,19.3,57.1,23.6,4.7,2.4,6.7,9.5,1170,2.1,15.1,6.2,8,16.4,-19,57.5,19.8,768,29,443,296,123,11,36,76,0.37,2.8,2.7,6.76536135,1.167356468,16.53931869,36.20396901,3.300435106,10.53273904,9.773957338,0.265308288,9.938448477,1.920832007
573,Brienz (BE),3117,4.6,65,12.3,18.7,57.7,23.5,4.5,2.3,8.1,11.3,1473,2.1,48.0,4.5,26,38.6,-55,33.6,23.3,1523,107,432,984,299,35,63,201,1.37,9.6,2.7,9.01884593,0.878181465,12.47717117,38.67884204,2.467456771,7.491742763,6.730134059,0.563435011,11.76607733,5.824752283
574,Brienzwiler,473,-7.4,27,10.8,14.6,60.3,25.2,4.2,4.2,2.1,14.7,245,1.9,17.6,2.9,19,30.8,-18,33.4,32.8,135,23,27,85,54,7,11,36,2.47,2.0,1.5,2.724665392,0.764818356,7.170172084,59.10611855,1.434034417,7.026768642,5.162523901,0.52581262,8.819311664,0.310707457
575,Därligen,421,1.9,61,14.5,20.4,56.1,23.5,2.3,0.0,2.3,9.3,201,2.1,6.9,5.8,3,19.5,-13,66.2,8.5,75,13,8,54,27,5,4,18,1.62,0.0,2.5,9.128205128,0.239316239,15.31623932,34.39316239,5.128205128,6.017094017,9.367521368,1.846153846,8.444444444,4.717948718
576,Grindelwald,3810,0.0,22,23.2,14.7,62.3,23.0,3.7,1.6,7.9,10.5,1958,1.9,171.3,1.8,66,29.0,-173,16.4,52.9,3049,257,466,2326,475,101,63,311,2.07,4.0,0.9,10.10848126,0.485510545,6.091640115,58.87573965,0.90653922,6.607495069,6.448186922,0.015172205,5.333029889,2.298588985
577,Gsteigwiler,402,-5.4,57,10.2,17.4,61.4,21.1,5.0,2.5,14.9,9.9,196,2.0,7.0,4.6,10,22.5,-12,65.0,8.0,137,25,11,101,34,8,6,20,2.17,0.0,2.7,3.12771503,1.534897191,14.71184477,34.43382566,3.069794382,7.906168549,8.890819577,0.057920649,16.68114683,3.214596004
578,Gündlischwand,357,27.5,21,25.5,22.1,61.6,16.2,5.8,2.9,8.6,11.5,156,2.3,16.8,1.6,5,32.5,-14,40.0,25.9,126,4,20,102,,,6,12,0.44,0.0,3.9,3.28125,0.15625,9.270833333,59.89583333,0.260416667,5.520833333,9.479166667,0,5.677083333,0.3125
579,Habkern,648,1.6,13,7.6,21.3,56.5,22.2,7.8,1.6,12.4,6.2,279,2.3,51.0,1.3,13,39.4,-115,50.0,9.3,266,146,41,79,85,49,11,25,0.57,0.0,1.6,1.857585139,0.427539437,4.083738759,74.64248857,2.344095533,2.373581011,5.602240896,0,2.889576883,4.157452455
580,Hofstetten bei Brienz,527,-7.4,60,6.6,14.4,59.6,26.0,5.7,0.0,5.7,13.4,234,2.2,8.8,4.5,13,29.4,-22,43.8,22.3,292,18,123,151,67,7,18,42,1.75,1.9,1.5,8.931623932,0.705128205,10.64102564,49.35897436,3.354700855,5.534188034,7.927350427,0.192307692,5.277777778,2.393162393
581,Interlaken,5634,3.8,1319,31.4,15.4,62.4,22.3,3.6,4.1,9.4,9.2,2835,1.9,4.3,47.1,13,24.2,-15,21.9,6.8,,,728,6442,,,92,779,1.37,15.6,4.2,12.30858806,1.336244542,19.86317322,26.0727802,4.64628821,9.816593887,7.883551674,0.422125182,10.62008734,2.716157205
582,Iseltwald,430,-1.1,20,10.0,18.6,54.7,26.7,4.6,2.3,6.9,18.4,204,2.1,21.9,2.3,12,31.4,-29,47.4,18.8,107,21,23,63,42,9,9,24,0.87,2.3,,7.618779871,0.281135789,8.912004498,53.02220973,5.313466404,3.401743042,7.562552713,0.25302221,2.923812201,4.245150408
584,Lauterbrunnen,2279,-10.9,14,27.4,14.6,61.2,24.2,2.2,1.8,10.9,11.4,1192,1.9,164.5,1.4,35,22.3,-215,17.6,58.7,2205,119,204,1882,362,44,43,275,0.75,0.4,0.7,9.875281129,0.511142916,12.30150617,39.96456076,1.840114496,9.152865808,11.45641655,0.218087644,6.120084509,3.543924215
585,Leissigen,1148,22.5,111,11.6,19.9,59.8,20.2,7.9,4.4,10.6,11.4,515,2.2,10.4,5.8,2,31.2,-14,52.1,11.0,252,22,60,170,83,8,15,60,1.37,7.4,2.8,7.716794731,1.899012075,13.21624588,37.11306257,4.390779363,8.06805708,9.956092206,0.340285401,8.935236004,3.260153677
586,Lütschental,226,-4.2,18,11.1,16.8,66.4,16.8,4.5,0.0,9.0,18.1,111,2.0,12.3,2.0,6,22.4,-12,47.8,27.8,62,30,11,21,,11,,11,3.19,0.0,4.2,0.468110006,0,2.106495026,81.04154476,0.994733762,4.447045056,4.681100059,0,0.526623757,4.856641311
587,Matten bei Interlaken,4115,8.8,696,20.5,16.2,62.0,21.8,3.2,1.5,7.1,9.5,1945,2.1,5.9,20.9,19,21.2,-20,56.8,1.2,1278,40,195,1043,239,11,29,199,1.57,7.1,2.0,9.50070096,1.556490169,18.29684748,30.93209677,4.169811999,8.224594702,8.785362522,0.262410583,11.33398037,2.426399224
588,Niederried bei Interlaken,365,9.9,85,14.2,14.8,57.5,27.7,5.5,5.5,8.3,16.6,182,2.0,4.3,7.3,6,21.6,-16,54.9,16.2,58,10,11,37,,4,,12,0.85,25.9,4.5,7.049808429,0.153256705,14.59770115,30.11494253,1.417624521,9.808429119,7.011494253,0.383141763,16.62835249,4.137931035
589,Oberried am Brienzersee,443,-8.1,22,10.8,12.4,58.7,28.9,2.2,2.2,8.9,11.1,235,1.9,20.2,2.4,11,38.2,-78,43.4,16.0,149,22,15,112,43,9,10,24,2.28,2.1,3.7,4.521845402,0.794378246,13.71830125,31.22517568,6.141154904,10.72410632,10.93797739,0.122212038,12.28230981,6.874427131
590,Ringgenberg (BE),2574,-0.5,295,11.6,17.6,59.4,23.0,2.7,2.7,9.0,8.2,1247,2.0,8.7,11.7,12,19.5,-37,64.1,4.8,723,35,165,523,174,14,33,127,0.76,0.4,4.9,6.061083951,0.735951217,12.43757557,36.51895074,3.821689534,9.856489513,9.688272092,0.299637281,10.14035641,3.369605215
591,Saxeten,93,-7.0,5,4.3,11.8,62.4,25.8,0.0,0.0,0.0,10.4,50,1.8,19.4,1.4,18,41.0,-53,31.5,26.1,,19,,17,,7,,8,0.85,0.0,,2.521929825,0,3.728070175,75.10964912,2.850877193,0.438596491,2.74122807,0.109649123,7.236842105,0
592,Schwanden bei Brienz,630,2.9,89,7.9,17.3,55.7,27.0,3.2,0.0,9.6,11.2,309,2.0,7.1,5.0,7,10.4,-20,49.6,35.0,66,13,24,29,27,5,6,16,0.65,3.3,1.9,8.063054901,0.797245878,14.82152564,36.70954883,3.569487226,14.33230658,4.566044573,0.72476898,8.117412575,4.87407139
593,Unterseen,5852,6.6,418,18.1,16.5,60.4,23.0,4.7,0.9,7.9,9.8,2838,2.0,14.0,15.3,27,18.3,-28,60.2,6.2,3384,68,601,2715,456,20,62,374,0.44,7.4,2.7,10.82478823,0.751226037,16.93267945,27.76192599,4.739188587,10.3031654,8.374944271,0.523851984,10.86937138,5.151582702
594,Wilderswil,2669,6.7,202,15.9,18.6,62.2,19.1,3.4,3.8,8.3,7.9,1245,2.1,13.2,10.3,36,18.5,-39,58.1,13.1,1150,46,358,746,206,21,31,154,1.64,2.2,1.7,13.52880909,0.507391326,13.24096209,38.6983461,3.663950822,6.986388252,7.415719374,0.190271747,10.17222032,1.868566132
602,Arni (BE),930,-1.6,89,2.8,21.6,59.7,18.7,1.1,1.1,10.8,9.7,404,2.3,10.4,5.6,1,68.9,-4,25.4,0.1,254,133,50,71,89,49,18,22,0.65,0.0,1.3,3.088049593,0.344392148,4.017908392,61.72655263,3.16840776,6.118700494,9.872574905,0.562507175,6.66972793,1.3201699
603,Biglen,1815,5.3,506,7.9,18.2,61.8,20.0,1.7,2.8,8.8,5.5,818,2.2,3.6,21.2,14,73.5,-15,5.3,0.0,760,50,305,405,135,19,28,88,3.57,1.1,4.5,5.975694226,0.566714942,12.14029343,36.99389207,4.495938543,7.965493357,16.47881116,0.472262452,6.92021913,3.960707764
605,Bowil,1364,0.4,93,2.6,21.1,60.9,18.0,1.5,1.5,11.7,5.1,585,2.3,14.7,5.2,8,55.0,-11,39.5,0.4,391,130,114,147,122,52,22,48,2.58,0.7,1.8,2.317968681,0.619304609,9.634610281,51.90657348,6.033796337,4.697867823,10.93514996,0.061930461,7.546669026,3.052287004
606,Brenzikofen,492,-7.3,225,1.4,18.1,61.6,20.3,8.2,2.0,6.1,6.1,224,2.2,2.2,8.6,4,54.1,-3,36.8,0.5,88,24,8,56,34,9,4,21,2.47,0.0,2.1,8.697363243,0.649350649,4.998032271,46.635183,5.23415978,8.461235734,9.307359307,0.177095632,8.559622196,3.423848878
607,Freimettigen,454,5.1,153,7.3,22.9,57.9,19.2,6.5,2.2,6.5,4.3,194,2.3,3.0,5.7,0,64.2,-2,30.1,0.0,67,30,6,31,,12,,11,0.97,0.0,,6.437994723,1.345646438,7.414248021,34.48548813,11.92612137,3.588390501,10.63324538,0,11.34564644,7.915567282
608,Grosshöchstetten,4151,5.4,599,8.9,19.8,56.7,23.5,3.4,1.4,7.7,9.9,1843,2.2,6.9,17.1,15,63.6,-16,19.3,0.0,1701,85,401,1215,262,30,55,177,3.74,2.9,2.5,8.608606156,1.308566948,13.11997648,29.09723584,8.691923152,9.613311116,10.15732209,0.50970398,9.978435601,4.575083317
609,Häutligen,256,8.0,83,1.6,18.4,66.4,15.2,7.9,0.0,19.8,15.8,105,2.4,3.1,3.6,0,68.3,0,28.1,0.0,,36,,43,,15,,14,0.00,0.0,,3.441376551,0.880352141,2.00080032,62.30492197,7.963185274,2.080832333,5.642256903,0.200080032,8.283313325,0.680272109
610,Herbligen,599,8.9,217,4.2,22.9,59.4,17.7,6.7,0.0,8.3,8.3,246,2.4,2.8,11.7,5,47.8,-7,40.1,0.4,216,44,19,153,44,14,6,24,1.85,0.0,3.7,4.756756757,0.126126126,5.009009009,43.8018018,10.1981982,4.558558559,7.009009009,0,6.396396396,13.56756757
611,Kiesen,1012,20.8,216,6.3,23.7,61.3,15.0,5.0,0.0,15.9,4.0,426,2.4,4.7,17.9,18,52.8,-11,26.5,2.8,386,33,51,302,58,12,10,36,0.44,0.0,2.1,7.016536518,1.998162609,9.221405604,32.5562701,4.225999081,10.93247588,14.66467616,0.045934773,8.658704639,6.959118052
612,Konolfingen,5347,12.3,419,10.5,18.6,58.6,22.9,3.8,0.8,7.1,8.7,2432,2.1,12.8,14.4,22,66.4,-22,19.1,0.1,3118,168,1248,1702,337,61,57,219,1.22,13.6,3.4,6.301369863,1.431200164,14.09936618,32.7274586,7.460641996,11.22469843,9.227151912,0.445716622,9.546105091,3.541198119
613,Landiswil,607,-3.2,59,1.6,20.9,55.4,23.7,8.1,3.2,16.2,14.6,253,2.4,10.3,4.9,3,62.5,-5,32.4,0.3,292,159,41,92,86,53,14,19,3.29,0.0,1.4,1.776649746,0.134368468,2.672439534,66.79605852,1.851298895,3.090474769,11.69005673,0,6.151089878,2.717229024
614,Linden,1300,-1.1,98,4.2,20.8,59.6,19.6,4.6,0.8,6.2,12.3,502,2.3,13.2,6.3,14,60.4,-12,32.8,0.5,555,171,159,225,133,62,20,51,0.17,3.1,1.8,3.658054831,0.600458244,4.503436833,62.25803903,2.804772063,3.950383187,6.984277475,0.055305365,5.340918069,5.751757921
615,Mirchel,626,9.6,268,3.5,24.4,55.8,19.8,0.0,1.6,6.4,3.2,253,2.5,2.3,13.2,6,76.2,-6,10.6,0.0,140,46,9,85,41,16,4,21,0.00,0.0,,1.981300089,0.467497774,6.522707035,50.77916296,5.209260908,6.455921639,13.55743544,0.445235975,4.341050757,7.613535174
616,Münsingen,12935,10.0,820,11.8,19.5,55.6,24.9,4.8,1.8,8.3,8.8,5826,2.2,15.8,21.5,50,61.8,-44,15.7,0.9,6704,263,1513,4928,803,51,111,641,1.23,24.3,2.8,8.426679378,1.835143509,16.55629703,23.24571857,5.557352491,12.18378673,8.86759048,0.41792925,15.9400429,3.340029281
617,Niederhünigen,656,1.5,121,1.8,21.8,63.9,14.3,7.7,1.5,10.8,10.8,282,2.3,5.4,6.5,6,51.3,-8,42.2,0.0,124,49,42,33,38,15,6,17,0.00,45.6,2.8,6.013153774,0.970873786,11.46257438,35.2646414,9.285937989,8.816160351,10.16285625,0.031318509,9.004071406,4.838709677
619,Oberdiessbach,3533,1.0,215,9.0,19.8,61.1,19.0,4.8,2.5,8.8,8.5,1522,2.3,16.5,8.7,19,52.4,-21,38.7,0.3,1844,143,781,920,283,51,57,175,3.53,9.7,3.8,9.913048841,0.891095215,10.28613715,37.45991613,7.619018254,7.631351751,6.703256043,0.234336458,10.56055747,4.683645782
620,Oberthal,723,-8.0,69,2.1,19.6,59.5,20.9,2.8,0.0,9.7,13.8,321,2.2,10.5,5.2,9,62.8,-7,31.9,0.0,360,135,53,172,86,54,9,23,3.99,0.0,1.4,3.834495302,0.348590482,5.956350409,46.27159745,4.713549561,9.093664747,12.17035465,0.803273719,7.214307366,4.804486208
622,Oppligen,641,-3.6,189,4.2,21.5,62.4,16.1,0.0,0.0,6.2,9.3,272,2.3,3.4,12.0,7,54.8,-6,32.0,1.2,204,67,71,66,49,12,8,29,0.00,1.6,1.4,4.612299465,1.286764706,7.386363636,37.55013369,4.144385027,14.9565508,7.937834225,0.300802139,12.09893048,2.941176471
623,Rubigen,2877,0.4,416,7.8,18.1,59.5,22.4,4.5,1.0,7.9,7.2,1301,2.2,6.9,20.9,27,53.3,-29,20.0,5.8,1205,62,341,802,156,19,25,112,1.06,1.0,1.3,7.975253093,1.166104237,16.81664792,24.98312711,3.61079865,13.72328459,13.90326209,0.221222347,11.856018,2.564679415
626,Walkringen,1768,-3.2,103,6.6,19.6,58.8,21.6,5.7,1.7,7.9,8.5,776,2.2,17.2,7.5,17,54.9,-24,37.3,0.2,972,179,206,587,182,66,32,84,2.60,1.1,2.2,2.710972401,0.458968239,10.20133407,54.17661098,2.649776636,6.492870693,9.258919283,0.208065602,8.371580687,1.627807356
627,Worb,11479,1.0,545,16.7,19.1,56.9,23.9,3.9,1.9,8.0,9.1,5201,2.2,21.1,15.6,35,62.8,-31,21.0,0.6,3991,216,874,2901,699,78,111,510,0.42,3.9,4.8,11.93977971,2.192001043,17.05806956,25.47522322,5.137841889,9.362168973,10.08559449,0.471421433,12.68275727,2.151810736
628,Zäziwil,1579,-0.8,292,6.5,21.3,58.7,19.9,3.2,2.5,9.5,9.5,688,2.3,5.4,9.6,12,64.6,-14,25.8,0.0,446,90,188,168,104,19,29,56,2.05,0.0,3.3,4.71537808,1.246105919,9.926366468,39.82582838,5.947323704,6.612857547,14.41517984,0.559331634,8.517417162,3.879920702
629,Oberhünigen,313,-5.7,52,2.2,22.4,57.2,20.4,6.4,0.0,9.6,6.4,125,2.5,6.0,3.3,3,38.4,-3,57.6,0.7,78,51,7,20,,21,,12,2.24,0.0,,1.8089316,0.282645563,7.037874505,53.84397965,3.787450537,4.465799887,4.098360656,0,5.850763143,16.0825325
630,Allmendingen,591,14.8,155,7.6,18.4,52.6,28.9,1.7,0.0,10.2,6.8,249,2.3,3.8,9.8,7,65.3,-7,21.5,3.4,215,42,19,154,46,13,4,29,0.00,1.7,,12.99169409,1.864911456,10.82902366,33.12960351,2.256699577,10.32753487,12.58423445,0.799247767,9.449929478,2.507443974
632,Wichtrach,4354,8.3,375,6.9,20.9,59.2,19.9,3.0,0.9,9.5,3.7,1920,2.2,11.6,13.1,22,63.3,-19,22.3,1.3,1194,96,362,736,241,38,39,164,3.39,6.5,2.3,11.16621162,1.259263387,12.42547501,31.86326406,5.064913356,9.909734217,9.294032429,0.267454171,10.19947624,4.800245166
661,Clavaleyres,48,0.0,48,2.1,14.6,58.3,27.1,0.0,0.0,21.3,0.0,19,2.5,1.0,5.0,1,80.0,-1,15.0,0.0,25,20,0,5,,5,0,,0.00,0.0,,,,,,,,,,,
662,Ferenbalm,1236,-2.4,135,8.0,18.0,58.3,23.7,5.6,0.0,5.6,11.2,538,2.3,9.2,11.4,13,68.2,-14,18.8,1.6,367,88,162,117,95,31,22,42,3.29,3.2,0.7,6.987399771,0.669662525,11.26090404,46.49748877,1.7975152,5.956471936,10.04493788,0.528680941,8.952330602,3.286633184
663,Frauenkappelen,1228,-2.8,132,12.0,16.5,60.8,22.6,1.6,1.6,8.1,8.9,564,2.1,9.3,6.8,5,42.3,-9,40.9,9.9,474,55,285,134,92,18,25,49,2.60,0.0,2.3,8.398703956,2.182810368,11.70702592,31.83833561,3.52148704,16.56718963,10.2148704,0.272851296,10.7861528,0.954979536
665,Gurbrü,264,5.6,142,13.6,20.5,59.1,20.5,3.8,0.0,7.6,11.4,108,2.4,1.9,18.7,5,70.1,-6,11.2,0.0,131,83,10,38,35,12,6,17,0.00,0.0,,3.285714286,1.571428571,10.07142857,55.5,1.928571429,4.392857143,7.714285714,0,11.32142857,1.678571429
666,Kriechenwil,442,7.5,93,6.3,16.5,51.1,32.4,9.2,0.0,6.9,20.7,197,2.2,4.7,5.4,2,54.2,-2,40.2,0.2,139,51,39,49,45,19,5,21,0.00,0.0,,9.641387419,0.529100529,11.25808348,37.18400941,1.704879483,5.144032922,20.39976484,0.117577895,9.200470312,1.175778954
667,Laupen,3168,12.6,767,15.8,18.7,57.8,23.5,4.1,1.3,11.1,6.3,1509,2.1,4.1,25.6,20,39.3,-18,30.2,4.9,1245,14,166,1065,,,27,171,3.32,4.5,4.1,7.633310459,2.664190853,19.65849917,26.62576192,1.893190167,11.91619909,12.02922537,0.779073992,12.40059742,0.750817422
668,Mühleberg,3013,13.5,115,10.7,17.4,62.8,19.8,5.3,1.3,9.7,8.0,1378,2.1,26.3,9.2,21,53.3,-20,32.9,4.6,1315,190,604,521,235,62,44,129,1.07,1.3,1.7,9.077649407,1.209073811,12.42851111,39.57701608,4.095497639,9.549763943,11.30004222,0.364641308,6.755460024,2.337542701
669,Münchenwiler,538,16.5,217,14.7,25.8,58.7,15.4,3.8,3.8,18.9,1.9,218,2.5,2.5,11.7,9,66.1,-10,21.0,1.2,219,31,101,87,37,9,10,18,1.98,5.8,,9.225280326,0.942915393,12.6146789,47.27319062,1.860346585,4.001019368,7.212028542,0.484199796,10.01529052,3.312945974
670,Neuenegg,5606,15.0,257,15.0,19.9,59.5,20.7,4.7,1.8,9.9,8.4,2477,2.2,21.8,8.9,23,52.5,-21,38.0,0.6,1947,219,635,1093,324,71,58,195,4.39,0.2,3.5,8.466549737,1.603608118,14.53520421,38.08819845,3.059383613,7.371586069,11.4758206,0.413430218,9.694312203,2.084690554
671,Wileroltigen,372,-5.3,90,10.2,19.4,66.1,14.5,13.7,0.0,10.9,5.5,151,2.5,4.2,6.8,2,61.7,0,28.6,2.9,,57,,27,,17,,11,1.71,0.0,,3.629500581,0.522648084,11.41114983,52.75842044,1.074332172,6.591173055,12.19512195,1.074332172,7.897793264,1.335656214
681,Belprahon,291,-2.0,76,4.5,13.7,56.0,30.2,3.4,3.4,6.8,3.4,125,2.3,3.8,7.3,5,40.1,-6,52.1,0.5,109,5,52,52,,,7,12,1.32,0.0,,7.857142857,28.53174603,5.674603175,28.76984127,0.198412698,2.182539683,1.388888889,6.825396825,11.9047619,4.206349206
683,Champoz,164,7.2,23,3.7,24.4,61.6,14.0,6.0,0.0,0.0,18.0,64,2.6,7.2,2.9,2,46.6,-4,50.3,0.1,,23,,22,,11,,,0.00,11.9,,3.045685279,0.101522843,0.964467005,64.46700508,12.33502538,0.050761421,1.776649746,0.152284264,6.649746193,6.243654822
687,Corcelles (BE),201,-9.9,30,5.0,15.9,63.7,20.4,9.9,0.0,4.9,19.7,94,2.1,6.8,2.5,3,41.4,-8,56.1,0.0,60,20,23,17,19,6,5,8,0.00,0.0,,1.41025641,14.16666667,4.294871795,41.98717949,2.820512821,0.833333333,0.192307692,0,14.67948718,18.65384615
690,Court,1415,1.6,57,11.9,21.8,55.3,22.8,2.8,0.7,4.9,4.9,597,2.3,24.6,4.6,20,34.4,-14,60.0,1.0,704,66,455,183,115,20,39,56,1.99,2.1,2.4,5.838101293,18.10764993,9.207459208,48.32591651,2.977325705,1.303242212,0.72049163,0.582750583,8.63530409,2.320406866
691,Crémines,499,-5.8,53,9.2,20.8,51.9,27.3,4.0,4.0,4.0,19.8,229,2.1,9.5,5.2,6,42.2,-3,52.3,0.3,259,16,95,148,39,5,7,27,5.99,1.9,3.5,6.837115771,17.29388107,18.32806665,30.82447573,4.19419707,5.975294456,2.125825912,0.316001149,9.164033324,1.43636886
692,Eschert,367,-2.9,56,15.3,19.1,61.0,19.9,5.4,0.0,8.1,8.1,159,2.3,6.6,4.0,10,40.1,-10,55.3,0.6,136,16,86,34,23,5,11,7,2.96,2.6,3.5,3.531073446,3.578154426,11.06403013,47.36346516,4.943502825,7.109227872,1.647834275,0.941619586,11.95856874,5.131826742
694,Grandval,396,13.1,48,12.9,20.2,60.4,19.4,7.5,0.0,2.5,17.5,174,2.2,8.3,4.3,2,44.3,-12,50.7,0.7,89,15,9,65,35,7,5,23,3.77,5.1,2.7,3.032891927,16.91584793,7.347287484,40.23921401,1.409653994,3.417343016,3.16104229,2.520290474,13.15677061,4.912430585
696,Loveresse,344,8.9,73,7.8,23.8,54.9,21.2,5.8,2.9,17.3,8.7,149,2.3,4.7,5.3,3,46.8,-1,46.8,1.1,237,16,97,124,,4,,22,0.00,18.5,,3.723887375,3.269754768,20.4359673,37.96548592,3.451407811,3.496821072,0.499545867,0,13.76021798,7.811080836
700,Moutier,7385,-1.1,377,27.1,19.3,58.5,22.2,4.1,2.2,8.5,10.4,3459,2.1,19.6,14.0,44,29.7,-36,54.9,1.4,3627,40,1508,2079,492,14,102,376,6.61,2.3,8.4,6.895737395,31.05679537,11.76289999,24.5696068,2.189160468,2.663832802,0.656511985,3.764316921,12.24701854,1.929389538
701,Perrefitte,467,-2.7,54,13.9,19.5,55.9,24.6,2.2,4.3,10.8,12.9,204,2.3,8.6,3.8,5,30.3,-11,65.6,0.2,82,24,20,38,35,9,11,15,3.57,6.5,3.5,5.668276973,14.58937198,8.47020934,41.28824477,3.510466989,1.803542673,2.157809984,1.320450886,9.822866345,3.607085346
703,Reconvilier,2344,4.7,284,20.6,21.4,58.2,20.4,3.4,1.3,11.6,12.9,1047,2.2,8.3,13.0,14,44.9,-12,42.0,0.1,926,21,289,616,126,8,33,85,2.55,14.3,6.1,8.118193588,5.384205316,16.25923387,39.0678547,5.559363339,2.871068464,2.071434011,1.637346737,10.04493184,5.178585028
704,Roches (BE),201,-7.4,22,12.4,10.9,66.2,22.9,14.9,0.0,5.0,0.0,97,2.1,9.1,3.9,5,23.4,-5,71.5,1.2,42,15,12,15,17,6,5,6,0.00,5.1,4.0,0.994318182,9.659090909,4.616477273,58.59375,4.048295455,3.196022727,0.639204546,0.142045455,5.965909091,8.806818182
706,Saicourt,644,8.6,47,3.6,24.4,57.6,18.0,3.1,0.0,9.4,4.7,270,2.4,13.8,4.3,8,44.6,3,50.0,1.0,277,49,7,221,,17,,22,1.21,3.2,4.9,3.359288098,2.291434928,8.631813126,53.79310345,4.493882091,1.201334817,3.604004449,2.091212458,11.61290323,2.892102336
707,Saules (BE),152,1.3,36,1.3,23.0,49.3,27.6,0.0,0.0,13.2,6.6,66,2.3,4.3,3.8,2,43.2,-3,52.8,0.2,22,10,4,8,,6,,4,1.08,0.0,,2.067539628,0.27567195,3.859407305,64.36940041,3.376981392,4.824259132,5.789110958,0,10.40661613,4.686423156
708,Schelten,35,-14.6,6,5.7,17.1,65.7,17.1,28.2,0.0,0.0,0.0,14,2.4,5.6,2.0,0,38.6,10,59.2,0.2,,24,0,,,8,0,,0.00,0.0,,0,11.76470588,6.617647059,35.78431373,0,5.882352941,0,0.490196078,30.88235294,0
709,Seehof,60,-13.0,7,11.7,18.3,61.7,20.0,0.0,0.0,0.0,33.9,23,2.6,8.4,2.3,7,33.3,-2,63.9,0.6,39,28,4,7,,12,,,0.00,0.0,,0,1.086956522,0.905797101,75,1.811594203,0.362318841,1.992753623,0.18115942,5.253623188,0.362318841
711,Sorvilier,288,9.5,42,10.8,19.1,59.4,21.5,3.5,3.5,10.5,7.0,133,2.2,6.9,3.5,3,46.2,-3,49.2,1.2,65,19,6,40,24,7,5,12,2.44,3.6,,1.333333333,22,18.66666667,30.44444444,0.333333333,3.333333333,0.5,1.055555556,11.33333333,7.888888889
713,Tavannes,3570,2.6,242,25.2,22.2,60.1,17.8,2.5,1.7,8.1,8.7,1636,2.1,14.8,10.8,35,48.2,-23,40.9,0.1,1541,50,533,958,260,21,54,185,8.27,0.3,11.2,8.445071748,6.439661256,20.04822395,29.69301341,6.186779581,2.722888732,3.187485298,2.111267937,14.39661256,3.59915314
715,Rebévelier,42,-10.6,12,2.4,26.2,47.6,26.2,24.1,0.0,0.0,0.0,16,2.6,3.6,0.6,1,59.9,2,39.5,0.0,,23,0,,,7,0,,0.00,0.0,,0,8.012820513,5.448717949,47.27564103,7.051282051,0,0.320512821,3.525641026,8.493589744,3.525641026
716,Petit-Val,399,-3.2,17,7.0,22.3,58.1,19.5,4.8,2.4,2.4,7.3,160,2.5,23.9,2.2,5,44.5,-4,52.8,0.5,179,106,9,64,59,35,5,19,0.93,0.0,,2.273282816,6.062087509,6.599853337,48.76558299,5.328770472,1.539965779,3.397702273,3.422146175,12.95526766,4.864336348
717,Valbirse,4012,3.9,215,20.6,19.9,58.0,22.1,3.5,1.5,9.5,9.5,1798,2.2,18.7,9.7,29,45.4,-12,44.7,0.2,1642,67,785,790,242,24,52,166,3.03,14.2,4.3,7.372472718,6.39116826,19.9010236,36.12215549,4.280517723,3.430335843,2.309449285,1.641147111,9.30124355,6.162761188
723,La Neuveville,3756,7.5,554,17.7,18.1,60.1,21.8,3.2,1.3,6.4,10.7,1786,2.1,6.8,18.2,26,18.7,-23,62.8,0.3,1522,46,343,1133,271,15,41,215,2.07,5.4,4.3,12.97369969,5.041593143,23.01067137,12.9148811,2.163683724,7.612805647,2.768674901,1.789765566,25.53146794,1.756154945
724,Nods,769,3.1,29,6.0,21.6,60.3,18.1,5.2,2.6,6.5,7.8,316,2.4,26.6,3.0,19,45.0,11,51.7,0.3,183,53,71,59,63,21,17,25,0.48,0.0,1.2,8.595564942,2.32312566,12.56599789,25.78669483,7.581837381,10.24287223,2.639915523,1.562829989,19.13410771,5.469904963
726,Plateau de Diesse,2028,0.1,79,8.1,20.7,58.2,21.2,2.5,2.9,5.9,12.3,865,2.3,25.6,6.9,22,48.8,-25,44.2,0.1,388,78,79,231,133,26,23,84,2.36,3.9,3.5,5.617035547,3.663648558,20.48122066,22.88732394,2.6240778,7.947686117,1.207243461,1.374916164,26.49228706,3.269617706
731,Aegerten,2180,26.0,1009,17.9,19.4,57.7,22.9,3.2,2.3,4.6,11.1,1004,2.1,2.2,28.7,14,37.5,-13,27.8,6.0,395,7,131,257,,,21,64,2.94,63.4,4.0,9.171832777,1.041169925,20.79955492,32.54649499,3.441424257,6.930535686,11.84231442,0.07947862,8.734700366,1.017326339
732,Bellmund,1682,14.8,444,8.0,22.8,58.9,18.3,3.6,1.2,7.1,11.3,671,2.5,3.8,14.9,17,51.8,-16,33.0,0.3,272,30,105,137,69,10,10,49,5.04,23.1,0.5,16.93363844,2.247947234,13.19827702,28.17337461,4.280522278,11.76470588,10.32440436,0.228832952,7.995692556,1.009557141
733,Brügg,4370,5.1,874,24.4,20.2,58.6,21.3,5.3,2.1,9.4,10.0,2073,2.1,5.0,34.3,25,29.9,-25,31.7,4.2,3034,12,1345,1677,344,5,88,251,4.52,0.5,10.6,4.848049368,2.159854601,22.98068388,23.94860307,3.580032968,9.848260704,8.969102667,0.853797709,16.47998647,1.859757386
734,Bühl,476,13.6,160,5.7,16.0,65.5,18.5,4.3,4.3,4.3,6.4,222,2.1,3.0,7.4,-6,88.5,2,3.4,0.7,88,32,10,46,37,10,6,21,0.42,2.2,,6.611368627,0.170773359,8.050744084,45.05977068,1.146621127,11.12466455,15.955111,0.121980971,7.489631618,0.097584777
735,Epsach,331,0.9,97,5.7,19.3,62.8,17.8,9.3,9.3,18.5,3.1,128,2.5,3.4,6.2,6,77.9,-6,14.2,1.8,85,56,4,25,,17,,10,0.00,0.0,,2.7,0.066666667,9.766666667,53.96666667,3.266666667,7,9.533333333,0,7.233333333,2.266666667
736,Hagneck,412,-1.7,224,4.9,16.7,62.1,21.1,0.0,4.8,9.7,7.3,175,2.3,1.8,13.5,6,64.9,-7,13.5,8.1,81,14,23,44,24,5,8,11,2.66,0.0,,5.82278481,0.450070324,13.22081575,39.54992968,2.869198312,3.741209564,10.85794655,0.05625879,13.5583685,5.710267229
737,Hermrigen,313,27.2,92,5.8,19.2,54.3,26.5,9.4,0.0,18.9,15.7,133,2.4,3.4,7.5,6,50.4,-6,41.7,0.3,70,20,19,31,27,8,6,13,0.00,0.0,,6.192851205,0.914380715,9.850374065,45.22028263,1.87032419,11.22194514,12.26101413,0.08312552,7.772236077,0.332502078
738,Jens,649,-3.9,142,4.8,19.1,57.8,23.1,3.1,1.5,1.5,7.6,272,2.4,4.6,7.4,10,69.9,-11,22.5,0.2,128,30,42,56,43,11,6,26,1.34,0.0,1.4,5.272231001,1.19235742,15.0696739,30.36919983,4.252262606,4.295359862,21.34750754,1.034334147,10.77431404,1.019968395
739,Ipsach,3968,1.4,2088,12.3,18.5,56.7,24.9,2.5,1.5,8.3,6.5,1825,2.2,1.9,50.8,34,45.0,-33,3.7,0.5,779,7,224,548,,,24,137,1.03,0.0,3.0,14.85690371,1.873611692,19.48942472,24.83340308,2.28245823,12.07224029,8.29282426,0.251102598,12.00141648,1.364967968
740,Ligerz,547,4.0,306,6.6,17.6,53.9,28.5,1.8,3.7,5.5,0.0,259,2.1,1.8,13.1,3,32.0,-2,52.0,2.9,194,107,15,72,58,24,6,28,0.59,0.0,,12.42653233,1.74643157,13.83711167,20.31905961,1.931150294,8.597816961,20.47019312,0.436607893,16.59109992,0.218303946
741,Merzligen,391,-3.7,170,3.8,15.9,53.5,30.7,2.6,0.0,2.6,10.2,177,2.2,2.3,10.6,7,72.1,-8,16.8,0.4,53,13,11,29,24,5,5,14,4.23,5.0,,10.60209424,0.183246073,14.76439791,29.0052356,4.842931937,10.34031414,12.98429319,0.052356021,14.26701571,0.863874346
742,Mörigen,856,-2.4,396,5.7,15.7,55.5,28.9,1.2,4.6,3.5,3.5,373,2.3,2.2,21.4,8,58.6,-7,17.7,2.3,153,25,13,115,50,9,4,37,0.00,1.1,,21.95151224,0.972155545,8.161305809,33.53336534,2.316370619,10.58569371,9.985597696,0.38406145,9.433509362,0.432069131
743,Nidau,6872,1.3,4521,26.1,18.9,57.6,23.5,4.4,2.9,10.5,12.4,3378,2.0,1.5,84.3,4,0.0,-2,3.9,11.8,3185,0,978,2207,453,0,65,388,1.38,0.7,9.3,13.60374262,1.660665736,22.32591177,17.50312293,4.678276631,8.851985206,4.805643324,1.038528425,19.30830088,1.64107086
744,Orpund,2873,7.6,724,21.1,18.7,58.0,23.3,3.9,1.8,8.1,9.5,1308,2.2,4.0,20.8,10,39.1,-11,37.3,2.8,760,30,411,319,127,7,36,84,6.50,11.0,6.4,6.833176249,1.519792648,19.4568803,36.97573044,4.359095193,7.404571159,6.738925542,0.824693685,8.594486334,3.169180019
745,Port,3727,12.9,1515,13.0,18.9,56.7,24.4,5.4,1.3,9.4,11.9,1679,2.2,2.5,40.7,25,25.5,-22,30.0,3.7,971,11,523,437,173,4,37,132,4.31,9.9,1.7,14.73400622,1.737876603,15.70539577,28.82674357,3.096304166,9.508992942,8.427563178,0.720953176,11.81224862,1.293921226
746,Safnern,1935,3.3,344,8.4,20.2,57.2,22.6,2.1,1.6,6.2,7.2,846,2.3,5.6,17.7,22,43.4,-15,33.7,5.1,541,35,274,232,124,11,36,77,8.39,2.1,3.1,7.737610425,0.870872752,15.07424347,37.65428231,4.786667502,8.965603659,9.805150053,0.413507926,8.138587808,2.838168035
747,Scheuren,437,0.5,207,4.8,20.4,61.1,18.5,4.5,4.5,4.5,11.3,184,2.4,2.1,10.5,5,54.8,-6,26.7,8.1,133,40,41,52,27,9,4,14,0.00,4.5,1.6,7.556519046,0.991018891,11.73737999,44.13131,3.158872716,7.92815113,12.26385878,0,8.76432332,1.486528337
748,Schwadernau,670,2.0,161,10.6,21.8,58.4,19.9,1.5,1.5,3.0,9.0,279,2.4,4.2,10.3,7,74.6,-7,14.4,0.7,189,35,17,137,44,14,7,23,2.48,4.5,3.5,8.298086606,0.604229607,9.909365559,42.55790534,4.028197382,11.52064451,9.748237664,0.221550856,6.304128902,1.893252769
749,Studen (BE),3318,17.7,1215,23.6,22.4,58.8,18.8,3.3,2.4,7.8,9.6,1434,2.3,2.7,42.8,27,38.8,-25,17.8,0.7,1840,40,621,1179,166,5,37,124,2.64,3.7,5.9,8.256672345,1.76036343,12.00454287,37.54684838,4.593980693,8.086314594,13.18568995,0.704145372,7.984099943,2.282793867
750,Sutz-Lattrigen,1391,3.6,390,8.8,20.8,57.7,21.4,2.9,2.2,7.9,9.3,590,2.3,3.6,21.6,24,44.9,-17,32.3,1.1,572,35,178,359,90,11,16,63,0.43,0.0,2.0,8.609326771,1.468257279,15.91724368,26.16167515,5.606073246,11.47910236,8.392425127,0.258613498,15.01626762,2.419287562
751,Täuffelen,2890,10.4,661,8.8,18.9,53.9,27.2,3.5,0.3,8.3,9.4,1304,2.2,4.4,23.5,29,60.8,-34,10.4,5.3,1175,81,544,550,172,15,31,126,2.29,13.1,1.7,16.21610668,1.503667977,14.97588457,28.86961456,2.452073116,9.536740567,9.224658534,0.729542415,12.36574393,0.656588173
754,Walperswil,1032,12.4,148,9.0,20.5,61.2,18.2,2.9,1.0,5.8,2.9,430,2.4,7.0,9.4,19,76.4,-14,7.6,6.6,323,168,51,104,70,24,8,38,3.41,1.0,0.6,5.396096441,0.929965557,8.67967853,45.13203215,3.249138921,5.258323766,19.4489093,0.068886338,8.67967853,1.021814007
755,Worben,2411,6.7,874,10.5,19.6,57.8,22.6,3.8,1.3,10.6,8.1,1073,2.2,2.8,28.9,15,63.0,-15,7.4,0.7,846,69,155,622,102,10,23,69,5.91,3.5,2.0,4.19465929,1.219443347,15.03980128,37.06317394,3.878507311,8.219951448,15.35595325,0.344379834,8.078812172,3.517190764
756,Twann-Tüscherz,1163,2.1,94,13.8,13.8,58.0,28.2,5.2,0.9,6.0,13.8,578,2.0,12.3,8.2,4,24.1,-2,65.3,2.4,377,115,70,192,113,38,20,55,2.04,0.0,1.8,14.0339664,0.830898466,17.53104456,23.39298758,1.533966399,11.75127831,9.057706355,0.063915267,16.61796932,0.995252009
761,Därstetten,855,0.7,26,4.3,19.4,60.2,20.4,1.2,0.0,10.6,12.9,366,2.3,32.8,2.7,22,46.1,-70,40.0,11.2,325,120,96,109,93,43,19,31,1.28,2.3,1.4,3.93683274,0.50044484,5.215747331,67.92704626,0.834074733,3.947953737,5.160142349,0.088967972,3.425266904,3.870106762
762,Diemtigen,2259,4.9,17,4.1,19.9,59.0,21.2,5.3,2.7,6.7,8.4,988,2.2,129.9,1.7,54,48.0,-112,30.4,19.9,1356,311,517,528,322,114,78,130,1.45,15.5,1.3,3.011071478,0.352063742,4.757492936,71.48746931,1.320239033,3.228795108,5.077129754,0.055589012,3.668874786,2.793347848
763,Erlenbach im Simmental,1733,1.7,47,5.8,17.7,59.6,22.7,4.0,3.4,6.9,9.8,795,2.1,36.7,3.5,18,50.6,-31,38.0,8.0,700,136,123,441,169,49,31,89,0.95,0.6,3.5,4.691149753,0.564495199,7.072411108,51.60264729,1.537762782,7.020503504,6.248377887,0.220607319,7.753698417,5.073968336
766,Oberwil im Simmental,789,-2.0,17,2.8,18.3,54.4,27.4,3.8,0.0,7.5,10.0,347,2.2,46.1,2.5,31,51.5,-50,33.8,12.2,327,167,91,69,107,60,15,32,1.02,2.5,1.5,3.423137876,0.073956683,6.085578447,62.2503962,1.024828315,3.074484945,4.194400423,0.021130481,2.768092974,13.41785526
767,Reutigen,1000,4.4,89,7.8,18.5,60.8,20.7,3.0,5.0,11.0,10.0,458,2.2,11.3,4.5,-1,46.8,5,45.4,3.3,225,55,64,106,62,18,11,33,2.93,0.0,2.2,2.147170655,0.279579512,6.933571908,49.39610825,5.010064862,5.524491165,12.44687989,0.178930888,6.75464102,7.392082308
768,Spiez,12870,3.2,771,11.6,16.7,58.7,24.6,4.3,2.6,9.5,10.6,6009,2.1,16.7,31.4,79,35.9,-74,29.8,2.9,5713,120,1036,4557,876,41,114,721,0.59,9.4,2.8,7.922721211,1.458286427,13.86238071,27.93778902,7.26545316,11.68101283,9.088311194,0.188780547,11.61433347,3.947938135
769,Wimmis,2559,7.0,114,9.0,21.6,59.3,19.0,3.1,3.1,11.4,11.0,1129,2.2,22.4,7.7,31,29.0,-42,47.0,16.4,1362,68,815,479,183,24,42,117,1.00,2.5,4.4,4.836619458,1.115430899,8.6087198,47.41275572,6.294547811,6.137184116,8.692029992,0.050911784,7.474775525,5.058779969
770,Stocken-Höfen,1012,4.5,71,4.5,20.0,63.1,16.9,4.9,1.0,4.9,2.0,441,2.3,14.2,4.4,17,45.5,-38,38.4,11.7,190,76,30,84,73,28,15,30,0.20,1.0,2.3,1.90227527,1.007086908,6.776078578,57.61531767,3.269924158,7.720999627,6.166853164,0.037299515,6.738779063,5.221932115
782,Guttannen,254,-18.1,1,9.4,13.4,50.8,35.8,3.9,0.0,3.9,7.7,119,2.1,200.9,0.5,6,3.8,-85,9.3,86.4,179,48,88,43,39,15,5,19,2.82,0.0,,2.379400261,0.195567145,8.865710561,59.64797914,1.434159061,4.791395046,11.86440678,0.651890482,6.975228162,0.260756193
783,Hasliberg,1151,-7.0,28,13.0,23.9,49.7,26.4,4.3,0.0,7.8,6.9,471,2.3,41.7,3.2,32,52.6,-8,32.0,12.1,864,117,55,692,133,46,10,77,1.16,15.2,0.6,4.683323649,0.267286461,11.36548518,53.42242882,1.88262638,3.869843115,6.658919233,0.116211505,10.98198722,4.323067984
784,Innertkirchen,1069,-1.8,5,9.7,18.1,57.8,24.1,5.6,0.9,8.4,4.7,487,2.2,236.6,0.7,8,12.0,-203,18.5,68.8,572,106,329,137,119,46,20,53,1.30,9.3,1.3,7.940386025,1.075006108,7.81822624,58.23356951,1.759100904,3.542633765,8.086977767,0,6.718788175,0.855118495
785,Meiringen,4639,1.2,114,17.6,18.2,59.9,21.9,5.2,2.6,6.3,12.3,2174,2.1,40.6,7.5,42,43.7,-59,32.6,16.3,2738,149,600,1989,420,54,58,308,0.75,6.6,2.2,8.879721466,1.024020597,15.70847596,42.55537026,2.226513356,8.394043126,5.465344217,0.073144328,9.406360631,1.667690687
786,Schattenhalb,550,-7.1,17,12.2,17.5,58.4,24.2,0.0,0.0,1.8,10.9,259,2.1,31.5,2.2,10,26.7,-13,39.3,31.8,613,37,81,495,47,14,8,25,1.58,0.0,2.4,3.967704729,2.053056517,5.790080738,62.53748558,1.153402538,7.197231834,6.920415225,0.046136102,6.75893887,0.830449827
791,Boltigen,1252,-9.0,16,4.9,17.8,56.9,25.3,5.6,0.0,10.3,15.9,549,2.3,77.1,2.4,48,52.9,-81,35.4,9.2,504,218,86,200,176,84,28,64,2.83,0.8,1.3,5.563433147,0.183501543,4.996246559,68.73800984,0.825756944,4.946200684,4.495787806,0.058386855,3.728417716,2.60238552
792,Lenk,2324,-3.1,19,12.2,18.3,56.9,24.7,5.1,1.3,7.3,14.1,1069,2.1,123.1,2.0,58,36.4,-197,23.1,38.5,1735,289,376,1070,328,100,52,176,0.83,5.1,0.6,8.689069063,0.566572238,4.757253102,53.62899287,2.994041223,6.559538927,7.384976067,0.293054606,4.879359187,6.769561395
793,St. Stephan,1330,-3.1,22,8.9,19.2,56.0,24.7,4.5,2.2,10.5,10.5,585,2.2,60.9,2.4,17,50.7,-58,31.6,15.3,675,231,209,235,160,76,34,50,0.60,1.5,1.1,4.400179338,0.512393518,3.420226734,64.13245372,0.807019791,3.727662845,4.393774419,0.076859028,3.900595658,10.89476718
794,Zweisimmen,3040,4.0,42,13.2,17.0,56.8,26.2,4.0,0.7,10.6,14.2,1385,2.2,73.0,3.4,47,54.9,-88,33.7,8.0,1741,232,307,1202,326,84,49,193,1.69,1.0,1.3,8.105416652,0.71131344,9.453355621,50.82690187,1.582672405,9.37866771,7.034889924,0.384109258,5.879005584,2.809688089
841,Gsteig,970,-1.3,16,17.9,17.3,63.6,19.1,6.2,2.1,12.3,9.2,471,2.1,62.4,1.4,22,37.1,-122,36.2,25.3,422,98,111,213,126,41,29,56,1.68,3.1,1.3,6.965382468,1.046901173,3.866554997,61.13902848,1.200446678,10.413177,5.890563931,0.069793412,3.210496929,2.12171971
842,Lauenen,823,2.6,14,12.2,21.0,57.5,21.5,3.6,0.0,13.3,8.5,352,2.3,58.5,1.3,23,38.2,-65,24.8,35.7,403,162,83,158,122,55,20,47,1.53,0.0,1.2,5.522047983,0.388687844,5.133360139,67.91314837,1.527945316,2.93526337,3.323951213,0.29486664,2.452754323,6.88915695
843,Saanen,6817,-2.0,57,28.9,17.0,61.6,21.4,4.4,0.9,8.4,8.1,3254,2.1,120.1,4.5,104,51.1,-199,35.3,9.0,6818,478,1368,4972,917,179,118,620,1.15,9.4,1.2,12.53915368,0.688306765,5.055563314,51.51726752,2.868942402,9.943538894,6.12892285,0.15362209,4.55080502,3.846537518
852,Guggisberg,1523,-2.6,28,3.3,20.6,57.8,21.7,7.3,0.7,12.5,11.2,650,2.3,54.9,3.0,24,52.5,-60,39.5,5.0,579,288,64,227,189,114,24,51,0.32,0.0,2.4,0.821569946,0.58256778,6.087086414,59.66838449,3.502875495,3.346030323,7.730226305,0.19418926,8.141011278,6.318619763
853,Rüschegg,1676,1.2,29,3.9,17.7,58.7,23.7,9.0,1.8,5.4,5.4,799,2.1,57.3,3.0,35,41.6,-90,49.7,5.7,443,150,82,211,147,58,18,71,1.45,3.7,2.8,5.243527863,0.775193798,9.441275413,47.47696358,1.52844815,5.294719906,13.87304373,0.877577885,7.510604066,3.349422261
855,Schwarzenburg,6744,1.0,151,6.6,18.1,58.8,23.1,4.1,2.7,7.1,11.8,3057,2.2,44.8,7.8,50,62.2,-52,27.9,2.0,3204,539,1008,1657,611,199,100,312,0.99,1.8,3.1,6.683402804,1.143109764,15.93090817,38.62889984,3.276177845,7.292850827,8.147025388,0.432613364,11.36478464,2.837248958
861,Belp,11572,8.8,498,14.6,19.2,59.5,21.3,3.3,1.8,9.1,7.2,5262,2.2,23.3,14.2,60,57.4,-69,26.0,2.4,5046,306,1173,3567,755,76,118,561,1.63,0.5,4.3,8.319747459,1.937674583,16.35808559,32.7670533,5.130787842,9.598031173,9.488998037,0.364482196,9.004060186,3.828620679
863,Burgistein,1113,7.6,148,4.0,19.3,62.7,18.0,0.9,1.8,9.1,5.4,488,2.3,7.5,9.7,11,76.1,-10,13.4,0.8,354,166,99,89,91,38,15,38,0.90,4.6,2.3,3.912196849,0.867410161,13.38289963,50.37174721,3.142149053,4.77960701,8.523632501,0.247831475,7.895202691,2.903168702
866,Gerzensee,1231,11.1,158,5.6,20.5,61.5,18.0,2.5,1.6,8.2,6.5,531,2.3,7.8,9.0,13,67.6,-14,20.0,3.5,308,82,34,192,90,31,14,45,1.32,15.1,1.1,7.0414583,0.838844975,11.07436683,41.05500887,2.226165511,9.743507017,7.888369092,0.371027585,11.38086788,3.96031618
867,Gurzelen,859,5.8,190,2.7,24.1,61.4,14.6,4.7,1.2,8.2,2.4,349,2.4,4.5,6.7,5,80.8,-6,12.5,0.0,169,79,30,60,64,25,15,24,0.00,19.3,1.6,3.018439,0.46728972,6.819904016,49.81055822,3.106845163,5.986360192,7.893407426,0.618843142,11.42965395,5.455923213
868,Jaberg,298,15.1,227,2.3,23.5,64.1,12.4,3.5,3.5,13.9,0.0,116,2.6,1.3,18.8,7,53.1,-7,23.4,4.7,87,16,54,17,24,7,6,11,0.00,7.4,,4.72239949,3.158902361,15.66687939,26.64326739,3.350350989,14.23101468,6.190172304,0.47862157,8.232291002,7.657945118
869,Kaufdorf,1112,8.1,540,9.4,23.7,59.4,16.8,1.8,0.9,7.3,6.4,445,2.5,2.1,19.9,10,64.1,-12,14.6,1.5,156,24,47,85,52,10,13,29,2.55,4.6,2.1,5.607556891,1.863460713,17.31215114,26.65521683,5.221124946,10.03864319,9.549162731,0.541004723,15.07084586,2.181193645
870,Kehrsatz,4331,6.0,975,26.8,22.6,57.0,20.4,4.2,2.1,10.4,7.6,1813,2.4,4.4,21.1,13,54.4,-13,22.5,2.0,1052,41,216,795,221,13,42,166,1.82,4.7,8.1,13.23199065,2.470997323,15.60451734,24.06991415,6.560605594,11.27180971,6.911407207,0.141551528,13.09659353,3.391082254
872,Kirchdorf (BE),1829,18.2,125,6.1,19.7,62.2,18.2,3.3,1.1,11.4,9.3,796,2.3,14.6,8.3,17,74.0,-15,16.5,1.2,580,214,120,246,167,65,25,77,1.93,6.0,1.3,6.872907032,0.712273428,7.654281614,45.52702918,3.667676607,8.440971669,11.63557115,1.132195822,8.403763355,2.391963004
877,Niedermuhlern,501,8.0,69,7.2,18.0,61.9,20.2,2.0,2.0,12.0,4.0,214,2.3,7.3,6.3,4,76.2,-7,17.5,0.0,156,92,8,56,60,33,6,21,1.53,4.0,1.6,,,,,,,,,,
879,Riggisberg,3002,5.7,87,6.1,19.2,59.4,21.4,3.3,2.0,10.7,9.7,1303,2.3,34.5,5.7,17,47.2,-18,46.3,0.8,1864,198,298,1368,268,73,56,139,2.39,6.1,2.1,6.652692347,0.886567472,8.367410055,51.29033367,3.243874781,5.711143947,8.893165183,0.254286794,8.243702966,2.47757809
880,Rüeggisberg,1761,-5.4,49,4.6,17.2,60.8,22.0,4.5,3.9,7.3,9.0,801,2.2,35.8,4.3,8,64.3,-15,29.5,1.8,623,290,95,238,222,118,27,77,1.11,0.0,2.1,3.401398917,0.327166065,7.626353791,56.00180505,3.480370036,3.706001805,8.692463899,0.095893502,6.763312274,5.697202166
883,Seftigen,2161,1.5,556,8.3,20.6,58.2,21.2,3.7,1.9,7.0,9.3,966,2.2,3.9,15.8,12,66.1,-13,17.3,0.8,605,52,208,345,139,13,28,98,0.48,1.8,5.7,4.225429705,1.162406346,12.96826796,42.3259145,8.550022036,8.676729837,7.888937858,0.302996915,7.453724108,2.715954165
884,Toffen,2526,3.1,518,10.9,17.5,58.3,24.3,3.2,1.6,6.7,9.1,1123,2.2,4.9,17.1,13,62.8,-16,19.8,0.4,464,38,44,382,140,15,23,102,2.48,0.0,2.4,6.790726594,1.829809913,13.84348907,35.85450346,3.388701368,10.6812933,11.26310179,0.190975306,8.962515545,1.789838337
885,Uttigen,2129,15.0,559,6.3,21.3,59.5,19.3,5.7,1.4,12.8,5.2,896,2.3,3.8,15.1,4,54.5,-6,28.6,1.9,306,45,73,188,122,13,26,83,0.93,10.6,1.7,6.329546009,0.980153118,13.19061784,35.83654362,7.329204662,10.21114741,8.153313503,0.087774906,10.08436144,4.19368996
886,Wattenwil,3018,13.7,208,3.9,22.6,57.1,20.3,3.4,0.7,7.1,9.4,1283,2.3,14.5,7.8,22,40.9,-20,49.5,1.7,1120,96,263,761,220,34,45,141,1.40,13.5,3.5,4.608580961,0.562495151,11.7231748,38.88587167,8.185274265,8.04174102,5.621072232,0.558615874,8.93009543,7.549072853
888,Wald (BE),1174,-0.1,88,6.6,19.5,57.1,23.4,6.0,3.4,5.1,6.8,512,2.3,13.3,6.2,14,74.6,-15,19.2,0.0,615,150,30,435,113,48,10,55,0.35,0.9,,4.892788657,0.877447847,10.47707595,37.20146435,3.567900517,7.879597885,10.84897437,0.604334941,11.69155674,6.874309954
889,Thurnen,1973,6.1,332,6.9,20.6,58.9,20.5,3.6,1.0,7.7,8.7,843,2.3,6.0,13.9,16,79.2,-17,6.1,0.8,429,90,109,230,116,30,18,68,6.77,12.3,1.8,8.425536082,1.346323313,13.54646039,34.31900519,3.647312249,8.170958582,8.885733869,0.616860864,14.6822677,2.702438069
901,Eggiwil,2473,0.5,41,1.9,24.0,55.8,20.2,3.7,1.6,12.2,7.7,988,2.5,60.3,3.5,46,53.7,-72,41.2,1.7,1332,547,332,453,327,191,36,100,0.76,2.9,0.9,2.212094833,0.553023708,2.447641968,67.06436581,3.133801014,3.195248093,8.607711608,0.122894157,3.748271801,6.226637309
902,Langnau im Emmental,9320,3.4,193,8.1,19.7,58.5,21.8,4.4,1.6,8.3,9.8,4149,2.2,48.4,7.6,66,49.9,-54,41.9,0.7,5997,498,1443,4056,754,166,116,472,0.67,2.1,3.6,6.314120966,0.856194304,13.98492299,32.83243054,4.44821647,8.54571778,11.14300691,0.474276728,13.97743441,3.192631237
903,Lauperswil,2664,-0.8,126,4.5,20.0,59.3,20.8,7.2,1.9,10.2,8.3,1168,2.3,21.2,7.5,33,56.1,-32,35.6,0.8,1322,238,553,531,233,93,45,95,0.66,5.3,2.5,4.114264342,0.509607742,6.970872879,52.94777689,2.716349526,5.961007995,9.528262191,0.36467343,7.742297443,5.05399972
904,Röthenbach im Emmental,1169,-8.5,32,3.0,21.0,58.4,20.6,0.9,0.9,11.1,8.6,480,2.4,36.8,3.3,25,43.6,-19,52.5,0.6,571,275,101,195,167,97,18,52,2.74,0.0,2.3,1.947747917,0.168555108,3.333645472,68.8828542,2.631332522,1.835377844,6.845210226,0.009364173,2.209944751,7.781627493
905,Rüderswil,2392,0.5,139,3.4,20.8,59.9,19.3,2.5,1.7,12.6,6.7,1038,2.3,17.2,7.3,31,68.3,-28,23.5,0.9,784,218,218,348,223,85,46,92,1.27,3.0,3.1,3.116307819,0.669619862,6.835273514,52.70423406,3.013289379,4.517358607,14.34016689,0.195735037,5.702070671,5.532090244
906,Schangnau,905,-2.0,25,3.3,22.5,58.2,19.2,7.7,1.1,13.2,8.8,379,2.4,36.5,2.1,21,53.2,5,35.7,9.0,583,240,102,241,148,84,21,43,0.82,1.1,1.7,2.621111678,0.183579806,1.509433962,79.6736359,0.744518103,1.784803672,6.700662927,0.142784294,3.059663437,1.886792453
907,Signau,2624,-4.5,119,4.9,19.2,57.7,23.1,4.2,2.6,8.7,8.3,1162,2.2,22.1,8.0,28,55.2,-27,35.8,1.0,988,272,388,328,233,102,47,84,2.96,1.9,3.1,4.146838885,0.583836526,10.04918623,49.31019315,5.218538809,4.070860159,12.9603711,0.25592834,5.366497381,4.282800816
908,Trub,1324,-5.2,21,2.0,23.0,57.3,19.7,3.8,0.0,12.1,6.0,501,2.6,62.0,2.3,27,40.6,26,56.0,1.1,628,355,147,126,205,131,24,50,0.75,0.0,3.1,1.496578176,0.955102655,4.79055426,61.00624201,2.128299617,3.858013086,11.5213958,0.947582161,8.76889524,1.391291269
909,Trubschachen,1463,4.2,93,7.3,19.7,56.2,24.1,2.7,0.7,9.6,17.2,594,2.4,15.7,4.9,9,50.9,-8,42.9,1.3,1034,136,646,252,131,46,25,60,2.02,11.8,3.2,3.738239247,0.739247312,6.493615591,45.07728495,2.965389785,3.780241936,18.4811828,0.420026882,11.65994624,4.469086022
921,Amsoldingen,795,-1.2,169,3.5,19.9,57.4,22.8,5.0,3.7,8.7,13.7,351,2.2,4.7,7.4,9,60.2,-9,21.9,10.4,124,37,24,63,56,15,9,32,1.75,0.0,1.1,4.569998683,0.487290926,13.51244567,42.40748057,3.002765705,10.61504017,8.31028579,0.013170025,10.79942052,2.686685105
922,Blumenstein,1248,6.6,80,3.5,19.4,56.3,24.4,4.8,1.6,9.6,4.8,540,2.3,15.5,3.9,6,48.3,-20,39.9,7.9,345,60,150,135,85,22,25,38,0.47,2.4,2.2,3.230957077,0.216023293,10.26580257,49.55386494,6.499483423,5.860805861,9.580163426,0.018784634,6.302244764,4.724335494
923,Buchholterberg,1523,0.2,99,3.5,21.9,57.6,20.5,3.9,1.3,15.1,7.2,633,2.4,15.3,6.3,16,57.8,-16,34.9,1.0,499,178,80,241,155,70,21,64,0.28,0.6,1.2,2.13596973,0.701818626,3.826437203,63.19419016,3.905773221,4.369583791,5.38264372,0.146466496,5.74880996,6.12107897
924,Eriz,491,-1.8,23,1.8,18.9,57.4,23.6,2.1,0.0,10.3,10.3,220,2.2,21.8,2.7,11,45.2,-19,45.0,7.1,175,98,17,60,59,32,9,18,0.63,0.0,3.3,0.713371136,1.390159137,4.444850924,67.80684105,2.286445948,3.219315895,9.529906713,0.054874703,3.219315895,2.798609841
925,Fahrni,819,10.5,123,3.2,21.1,59.2,19.7,2.5,1.2,11.1,8.6,341,2.4,6.7,5.1,8,67.4,-7,26.4,1.1,202,96,32,74,77,37,14,26,0.00,12.7,1.1,3.475935829,1.03132162,6.722689076,55.29666412,2.228163993,5.844155844,8.683473389,0.012732366,8.517952636,3.475935829
927,Heiligenschwendi,707,6.2,127,9.1,19.0,56.9,24.2,7.1,1.4,8.5,7.1,347,2.0,5.6,7.3,1,49.0,-3,43.2,0.5,586,38,11,537,48,16,4,28,0.93,7.3,1.4,2.546226129,0.560775993,7.54774174,41.61867232,7.926644438,7.881176114,8.002424977,0.454683237,10.95786602,7.244619582
928,Heimberg,6927,10.0,1273,12.0,19.6,60.8,19.6,5.4,1.6,12.2,6.8,3056,2.3,5.4,33.5,22,29.8,-31,34.6,2.0,2440,32,691,1717,380,12,77,291,0.76,3.1,3.4,6.236688104,1.563307761,12.1756033,39.69891851,7.67592382,7.258214603,7.692466759,0.256415559,7.524969499,6.267706115
929,Hilterfingen,4057,2.0,1444,8.6,17.0,54.2,28.8,2.5,0.7,4.4,12.1,1949,2.0,2.8,41.1,9,8.6,-10,49.3,1.1,,,147,837,,,31,197,4.12,1.0,2.5,13.43287165,1.704313594,16.00854557,22.5809549,4.436016227,12.70313738,5.737055618,0.48488922,14.88753931,3.543051922
931,Homberg,502,0.4,77,3.0,27.3,55.8,16.9,2.0,0.0,5.9,7.9,197,2.5,6.5,4.3,6,63.4,-5,31.9,0.3,166,84,24,58,62,32,10,20,0.44,0.0,,0.815728927,1.380464338,2.781844802,60.11294708,6.04476051,4.517883288,4.308722025,0.188245137,5.01987032,9.914243882
932,Horrenbach-Buchen,229,-10.5,11,0.4,21.8,59.0,19.2,0.0,0.0,0.0,4.3,95,2.4,20.4,1.4,5,50.2,-20,39.5,9.0,109,65,16,28,,24,,10,1.52,0.0,,1.996805112,0.079872205,2.036741214,84.10543131,0.319488818,2.31629393,4.512779553,0,2.515974441,0.519169329
934,Oberhofen am Thunersee,2425,3.9,895,11.2,15.0,51.3,33.6,3.3,0.0,6.6,8.3,1222,2.0,2.7,27.6,12,20.0,-11,51.3,1.1,732,24,87,621,180,6,21,153,6.02,1.7,2.5,14.16215012,1.046848318,14.25495582,28.70665974,2.431509392,11.35941792,8.835102829,0.230158141,13.48652461,1.429207811
935,Oberlangenegg,464,-5.1,51,1.5,23.3,55.8,20.9,2.2,4.3,2.2,13.0,194,2.3,9.2,4.6,9,45.3,-10,49.2,0.9,260,92,57,111,63,32,6,25,0.89,0.0,1.3,1.540203851,0.20385051,4.507361268,69.94337486,2.174405436,3.737259343,4.960362401,0.20385051,4.348810872,2.740656852
936,Pohlern,247,-7.5,25,6.1,23.9,57.9,18.2,4.0,8.0,12.0,15.9,108,2.3,9.9,1.9,2,37.2,-5,45.3,15.6,,30,,37,,10,,13,1.65,0.0,,3.814973772,0.286123033,5.722460658,67.09585122,3.624225084,2.527420124,9.012875537,0,2.336671435,2.288984263
938,Sigriswil,4829,5.0,87,10.4,13.3,54.8,31.9,3.1,1.7,7.2,12.6,2470,1.9,55.4,4.7,53,39.3,-46,47.1,8.9,1813,279,183,1351,395,101,64,230,1.27,6.9,1.4,6.476223926,1.321001385,9.313352456,51.5892993,2.546391149,6.208901637,6.651837109,0.228297138,8.552361997,2.608831392
939,Steffisburg,15929,1.5,1076,10.6,18.2,58.4,23.4,4.5,1.3,7.5,10.0,7390,2.1,14.8,25.6,60,44.9,-59,28.4,1.1,6415,187,1863,4365,833,56,129,648,0.43,1.0,2.8,8.419166704,1.155189733,12.79929234,30.47571928,8.803730191,9.946925741,7.239238969,0.353078757,11.31351295,5.431115909
940,Teuffenthal (BE),166,-3.5,37,1.8,21.7,58.4,19.9,0.0,0.0,17.6,5.9,73,2.3,4.5,3.1,5,46.2,2,50.1,0.7,84,39,10,35,31,17,6,8,1.06,0.0,,1.949717804,0.051308363,2.257567984,63.87891226,10.36428938,1.795792714,1.949717804,0.205233453,2.66803489,10.77475629
941,Thierachern,2471,8.7,328,4.8,22.1,57.9,20.0,1.2,1.2,7.3,5.3,1042,2.3,7.5,12.4,23,66.7,-13,17.1,3.9,443,77,68,298,138,27,15,96,2.85,3.3,1.7,3.820746295,0.522228174,12.2835208,39.93929655,6.989823246,7.503124442,6.449741118,0.245491877,7.137118372,8.534190323
942,Thun,43632,2.4,2023,13.9,16.8,59.1,24.1,4.8,2.1,8.7,11.3,20867,2.0,21.6,49.9,151,28.0,-147,20.1,1.9,28616,85,5693,22838,3251,33,402,2816,0.23,2.6,4.0,7.601118088,2.13693242,16.91275331,26.62682744,5.884834487,10.84824775,7.029327053,0.484383489,15.0620199,3.402824356
943,Uebeschi,685,-1.4,155,2.5,24.1,57.2,18.7,1.5,0.0,1.5,7.4,275,2.5,4.4,7.2,9,89.4,-9,2.7,0.7,183,83,33,67,65,31,11,23,1.19,2.9,1.2,4.413062666,0.617828773,6.840247132,45.16034128,7.340394234,5.619299794,7.325684025,0.353045013,5.795822301,11.82700794
944,Uetendorf,5843,-2.3,575,7.3,18.3,56.2,25.5,3.2,2.6,6.3,9.0,2635,2.2,10.2,20.8,57,71.0,-60,7.9,0.3,3404,120,1408,1876,467,41,111,315,1.59,1.2,2.8,5.212982862,1.263753421,9.60305652,47.31911611,8.221744641,7.228008303,5.561984534,0.220422108,8.778310465,3.374295109
945,Unterlangenegg,1008,12.5,148,1.8,21.8,60.2,18.0,7.0,3.0,16.9,10.0,423,2.3,6.8,8.7,7,70.7,-13,19.8,0.9,345,104,85,156,98,37,18,43,0.00,1.0,1.4,2.533632287,0.325112108,4.618834081,61.87219731,4.719730942,5.964125561,7.432735426,0.313901345,5.369955157,2.612107623
946,Wachseldorn,233,2.2,66,4.3,21.5,52.8,25.8,8.5,4.3,8.5,12.8,102,2.3,3.5,5.1,4,69.8,-3,24.9,0.3,,51,,12,,20,,9,0.00,0.0,,0.265957447,0.132978723,6.338652482,76.15248227,5.141843972,1.15248227,4.078014184,0,1.329787234,4.920212766
947,Zwieselberg,329,21.9,134,4.9,27.1,56.5,16.4,3.0,0.0,6.1,3.0,125,2.6,2.5,9.9,7,63.0,-5,26.3,0.8,93,21,30,42,,7,,19,0.00,12.3,,3.261242705,0.926879506,9.921043598,40.3707518,4.600068658,4.874699622,9.818056986,0.171644353,13.4225884,6.385169928
948,Forst-Längenbühl,777,6.4,173,2.8,22.0,61.4,16.6,10.4,1.3,13.0,7.8,340,2.3,4.5,8.4,11,67.5,-14,21.0,3.1,195,82,38,75,61,28,7,26,1.05,5.1,,4.086924312,0.777873812,5.642671935,54.72280528,5.272255834,7.037905914,4.630201259,0.308680084,8.729472774,3.926410668
951,Affoltern im Emmental,1106,-3.2,96,4.1,17.3,60.1,22.6,7.2,0.9,7.2,10.9,517,2.1,11.5,7.6,11,72.5,-11,19.8,0.1,526,158,165,203,129,55,28,46,1.82,0.0,1.7,4.528877958,0.373165974,7.420914257,55.03350013,5.860402002,3.1379866,8.540412179,0.135696718,4.232041388,5.724705284
952,Dürrenroth,1046,-2.8,74,3.3,23.2,56.0,20.7,4.7,1.9,10.4,19.0,430,2.4,14.1,5.5,4,71.1,-4,23.0,0.3,446,184,95,167,123,61,21,41,0.00,0.0,2.5,2.930096275,0.47090833,4.782335705,60.7994977,3.924236082,2.741732943,8.832147342,0.334868146,4.824194224,7.586856425
953,Eriswil,1374,1.3,121,4.7,21.1,56.2,22.7,2.9,2.2,10.8,9.4,576,2.3,11.3,6.5,10,67.4,-12,25.9,0.2,433,160,87,186,136,58,29,49,2.00,0.0,2.2,2.276834116,0.948680882,7.164799422,48.97000361,4.436212505,7.137694254,9.983736899,0.388507409,5.863751355,7.715937839
954,Huttwil,5004,6.4,290,13.8,20.3,58.6,21.0,3.8,2.2,9.9,8.5,2256,2.2,17.2,13.5,35,64.4,-33,22.0,0.1,3099,204,1219,1676,417,75,86,256,4.15,1.0,5.4,8.260858141,0.4466749,14.06500434,39.43351113,3.594419191,6.471531044,8.413253107,0.231219948,7.448960824,8.213563152
955,Lützelflüh,4197,3.4,156,6.9,20.1,59.1,20.8,6.0,1.4,10.1,7.0,1837,2.2,26.9,9.1,55,65.4,-62,24.7,0.8,1603,333,591,679,349,123,61,165,1.63,0.2,3.5,5.011738018,0.793964812,8.377515761,43.74719738,4.605523463,5.51291182,12.55308486,0.321806336,7.274933397,7.433198808
956,Rüegsau,3224,5.8,214,4.7,19.5,57.9,22.6,3.1,1.5,8.3,10.2,1442,2.2,15.1,8.6,29,67.5,-25,23.0,0.9,1274,182,458,634,216,66,30,120,1.85,0.0,2.1,5.13247792,1.003166139,7.498750208,39.76670555,6.178970172,5.989001833,14.17763706,0.213297784,7.115480753,8.778536911
957,Sumiswald,5026,0.0,85,6.4,19.2,57.7,23.1,4.0,1.2,7.7,8.7,2268,2.2,59.3,5.1,37,47.9,-8,46.2,0.8,2974,447,1183,1344,467,165,87,215,0.22,7.9,3.5,6.277187781,0.743638971,9.344090986,42.54295366,4.610075579,6.218863156,12.67102481,0.199275803,7.684269363,4.695132324
958,Trachselwald,962,-7.3,60,3.5,21.8,58.4,19.8,5.2,1.0,6.2,13.5,401,2.4,16.0,4.5,14,56.6,1,38.3,0.6,369,179,59,131,117,68,13,36,0.63,0.0,2.4,3.376906318,0.302590172,5.785524086,52.96538368,3.255870249,3.304284677,12.74509804,0.363108206,8.048898572,6.015492617
959,Walterswil (BE),541,0.2,69,2.6,21.8,56.9,21.3,0.0,1.9,14.8,7.4,201,2.7,7.9,5.0,0,73.4,2,21.6,0.0,220,134,50,36,77,50,10,17,0.00,0.0,,1.618604651,0.037209302,8,61.82325581,3.460465116,1.469767442,7.274418605,0.055813954,5.246511628,5.320930233
960,Wyssachen,1108,-4.9,95,4.8,21.7,57.4,20.9,2.7,0.9,8.9,13.4,464,2.3,11.7,6.7,11,70.4,-11,22.5,0.3,518,150,211,157,120,61,23,36,1.21,0.9,2.6,2.753215434,0.190916399,6.862942122,55.74758842,5.104501608,2.692926045,13.27371383,0.110530547,3.406350482,7.435691318
971,Attiswil,1513,14.2,198,10.0,17.6,59.1,23.3,2.0,2.0,6.0,13.3,686,2.2,7.7,11.0,10,53.1,-11,35.2,0.7,397,72,82,243,98,19,19,60,2.28,24.8,2.3,9.870508533,1.552182489,11.95437784,43.96706972,1.878055055,6.208729955,9.750450219,0.171511877,9.227338993,1.457850956
972,Berken,41,-16.3,29,2.4,2.4,65.9,31.7,0.0,0.0,0.0,0.0,21,2.0,1.4,11.4,-4,52.9,3,30.0,5.7,46,15,8,23,,5,,,0.00,0.0,,2.529761905,0,3.869047619,78.27380952,0,4.315476191,7.291666667,0,0.595238095,0
973,Bettenhausen,644,-5.8,163,4.2,17.1,58.2,24.7,6.3,1.6,7.8,9.4,296,2.1,3.9,9.8,4,66.4,-4,23.0,0.8,116,38,36,42,37,13,8,16,3.00,0.0,2.7,3.805073431,0.417222964,18.95861148,41.33845127,1.802403204,5.040053405,12.0493992,0.417222964,9.913217624,2.20293725
975,Farnern,215,6.4,58,4.7,18.1,59.5,22.3,9.6,4.8,14.4,0.0,95,2.2,3.7,4.4,1,65.2,-4,30.4,0.0,,16,,42,,7,,11,1.49,0.0,,2.960361264,0,12.64425489,63.020572,0.050175615,6.171600602,4.616156548,0,4.565980933,0.903161064
976,Graben,342,9.3,108,7.6,21.3,61.1,17.5,5.9,3.0,8.9,3.0,143,2.4,3.2,7.3,-1,52.7,-1,36.0,4.1,82,25,12,45,,9,,11,0.62,6.0,,2.979698756,1.015062214,10.11787819,56.58153242,1.9318926,5.304518664,5.828421742,0.098231827,10.24885396,2.685003274
977,Heimenhausen,1140,13.3,195,8.2,19.6,61.4,18.9,1.8,2.6,11.4,7.9,506,2.2,5.8,11.6,16,52.7,-15,34.9,0.7,171,54,51,66,58,17,14,27,2.15,5.4,2.6,8.043718531,1.903475378,11.22436448,41.83961685,4.32273118,7.245486921,13.74186418,0.036841459,6.791108928,1.412255925
979,Herzogenbuchsee,7255,7.2,739,18.9,20.1,58.6,21.3,4.3,2.2,9.7,11.5,3261,2.2,9.8,27.0,51,37.1,-42,35.1,0.8,4187,42,1520,2625,457,13,97,347,2.82,1.1,4.4,10.92675191,1.189414214,18.52909109,27.39815641,3.530577857,10.54019229,10.85736941,0.350877193,10.92476955,2.012092378
980,Inkwil,610,-3.5,180,4.4,14.6,62.8,22.6,3.2,1.6,8.1,12.9,292,2.1,3.4,13.3,12,48.8,-9,35.5,2.4,128,15,76,37,32,4,8,20,3.65,6.6,2.1,6.372007367,0.497237569,15.37753223,45.93001842,3.35174954,7.863720074,10.77348066,0.128913444,5.211786372,3.093922652
981,Niederbipp,4992,17.2,253,24.4,19.4,63.6,17.0,5.3,4.2,8.7,9.5,2147,2.3,19.8,14.0,64,46.5,-67,39.2,0.3,3135,258,691,2186,341,39,66,236,2.84,1.0,4.8,14.78524028,2.078319843,12.4334573,42.33209363,1.841318457,7.42361263,6.282359805,0.5578648,7.52205936,1.669948224
982,Niederönz,1681,8.6,603,9.5,19.6,58.8,21.6,3.6,0.0,4.8,7.8,748,2.2,2.8,16.4,15,52.7,-16,30.2,0.7,923,16,735,172,74,6,16,52,3.61,19.7,4.1,9.188907888,1.025946026,14.03613114,30.75607762,5.746784626,9.924912646,9.991822169,0.94416772,9.382202067,4.564716378
983,Oberbipp,1750,11.0,207,14.9,20.4,63.6,16.0,3.4,1.1,5.7,8.5,777,2.2,8.5,13.0,21,47.0,-21,39.3,0.7,870,50,295,525,113,18,24,71,2.84,27.1,3.9,11.74540682,1.386154856,13.00032808,41.76509186,2.542650919,7.414698163,5.725065617,0.729986877,7.939632546,3.395669291
985,Ochlenberg,570,-1.2,47,3.9,20.7,56.5,22.8,5.3,1.8,7.0,12.3,242,2.3,12.1,4.3,1,63.0,3,32.6,0.2,194,155,10,29,72,51,8,13,0.35,0.0,1.4,1.499368687,0.284090909,4.861111111,48.89520202,7.575757576,4.861111111,15.21464646,1.152146465,5.018939394,6.218434343
987,Rumisberg,482,-0.8,94,3.5,19.1,56.8,24.1,2.1,2.1,12.4,10.3,214,2.2,5.1,8.2,5,50.3,-1,40.7,0.8,86,27,10,49,,13,,18,3.47,8.2,,6.172043011,0.387096774,9.225806452,59.16129032,0.559139785,7.11827957,5.913978495,0.516129032,5.096774194,1.655913979
988,Seeberg,1529,4.3,91,4.6,19.2,61.2,19.6,7.8,3.2,11.7,12.9,677,2.2,16.8,6.5,15,58.6,-16,34.1,0.9,496,163,93,240,151,58,26,67,3.64,2.6,1.2,3.775253384,0.795864227,11.23052854,38.74566356,2.285558806,6.30569349,20.04625536,0.265288076,7.917828719,4.686756003
989,Thörigen,1158,13.2,255,8.9,21.2,60.6,18.1,6.1,1.7,11.2,9.5,520,2.2,4.6,11.2,10,52.0,-10,36.4,0.4,369,52,145,172,82,14,17,51,6.03,1.8,3.4,5.664830842,0.3596718,11.83545015,48.44329549,2.585141059,8.811959087,12.31875913,0.292233337,3.315724402,2.764976959
990,Walliswil bei Niederbipp,217,5.3,148,8.3,15.7,59.4,24.9,4.7,0.0,4.7,18.7,108,2.0,1.5,16.3,3,53.7,-4,20.4,9.5,68,11,18,39,,5,,5,4.17,4.5,,7.060063224,1.633298209,20.07376185,45.10010537,5.268703899,6.533192835,1.05374078,0,3.371970495,1.317175975
991,Walliswil bei Wangen,606,3.4,197,4.3,15.7,63.0,21.3,3.3,0.0,8.2,16.5,279,2.1,3.1,11.7,-2,50.8,2,33.2,4.2,113,22,11,80,33,9,6,18,0.96,10.0,1.6,8.123129543,0.213766567,14.66438649,52.82171868,1.432235998,6.626763574,6.049593844,0,5.771697307,1.175716118
992,Wangen an der Aare,2321,13.3,445,15.4,19.0,61.8,19.2,5.2,3.9,7.3,7.3,1093,2.1,5.2,22.4,10,41.5,-8,28.1,8.0,1117,40,297,780,195,12,45,138,4.50,4.8,2.9,17.01097482,1.471917366,9.974176888,37.55971595,2.846998063,7.327307941,9.599741769,0.051646223,8.560361524,1.917366043
993,Wangenried,405,2.0,139,4.4,20.0,56.3,23.7,2.4,0.0,12.0,9.6,175,2.3,2.9,8.0,2,67.8,0,23.2,1.0,112,34,43,35,31,14,4,13,9.45,0.0,,7.670614777,0.535815003,12.29554428,44.58544839,1.692047377,7.614213198,10.46249295,0.02820079,8.262831359,2.566271856
995,Wiedlisbach,2378,9.0,317,17.9,18.3,63.5,18.3,4.2,1.3,8.4,5.9,1136,2.1,7.5,20.8,29,48.4,-31,28.0,2.8,1245,45,327,873,192,16,41,135,2.40,0.9,4.0,7.527881041,2.123248499,15.27023163,38.17557907,5.654847012,9.043465828,7.327709465,0.157277667,9.043465828,2.437803832
